Total_happiness,Height,Weight,Age,Difficulty_score_1,Difficulty_score_2,BMI,sample
11,1.85,76.19,18,110,110,22.261,1
11,1.77,88,19,125,95,28.088,1
11,1.74,66,46,100,100,21.799,1
12,1.64,57.2,19,120,90,21.267,1
12,1.9,100.69,19,110,100,27.891,1
12,1.67,55.29,19,110,100,19.825,1
12,1.7,69.9,19,120,110,24.186,1
12,1.79,92,19,100,100,28.713,1
12,1.79,78.9,19,110,120,24.624,1
13,1.75,85.3,19,100,100,27.853,1
13,1.6,58,24,120,120,22.656,1
13,2.02,95.3,18,60,60,23.355,1
13,1.87,83.9,18,85,80,23.992,1
13,1.67,73,33,110,115,26.175,1
14,1.75,68,18,110,120,22.204,1
14,1.57,49,18,100,100,19.879,1
14,1.85,77.59,19,140,130,22.67,1
15,1.83,78,18,130,120,23.291,1
15,1.62,44.5,19,100,90,16.956,1
15,1.67,59,18,120,100,21.155,1
16,1.77,82.59,19,100,75,26.362,1
16,,,18,90,110,,1
16,1.62,62.59,21,140,150,23.849,1
16,1.75,66.69,20,120,100,21.776,1
16,1.75,55.29,19,90,90,18.053,1
16,1.83,79.3,18,110,100,23.679,1
16,1.67,53.5,19,130,120,19.183,1
17,1.79,81.59,19,98,89,25.464,1
17,1.62,50.29,18,130,120,19.162,1
17,1.64,66.19,18,105,100,24.609,1
17,1.62,50.29,18,150,130,19.162,1
17,1.87,85.3,18,110,100,24.393,1
17,1.72,51.7,22,75,60,17.475,1
18,1.62,56.2,19,125,105,21.414,1
18,1.67,63.5,19,125,115,22.768,1
19,1.79,76.19,19,110,110,23.778,1
20,1.77,65.8,19,115,105,21.002,1
20,1.79,93,18,100,95,29.025,1
20,1.79,77.09,36,100,100,24.059,1
21,1.79,85.3,21,110,110,26.622,1
21,1.6,66.69,20,150,130,26.05,1
21,1.64,60,19,150,150,22.308,1
21,1.85,82.09,19,108,108,23.985,1
22,1.7,66.19,18,135,120,22.903,1
23,1.7,63.5,26,110,100,21.972,1
23,1.79,66.69,18,98,90,20.813,1
23,1.62,54.4,29,120,120,20.728,1
23,1.57,47.5,21,100,100,19.27,1
23,1.67,47.59,19,100,100,17.064,1
24,1.75,60,19,120,119,19.591,1
24,1.94,92,18,130,120,24.444,1
24,1.67,57.2,28,50,50,20.509,1
26,1.76,75,17,70,65,24.212,1
26,1.72,50.29,19,110,120,16.999,1
8,,,23,150,150,,2
9,1.75,69,19,130,130,22.53,2
9,1.64,57.2,20,150,150,21.267,2
10,1.7,53.5,18,50,50,18.512,2
10,1.77,64,19,125,100,20.428,2
10,1.67,54,27,120,100,19.362,2
10,1.64,56.7,19,100,100,21.081,2
11,1.83,72,21,100,100,21.499,2
11,1.72,64.4,19,100,90,21.768,2
12,1.85,79.8,20,135,105,23.316,2
12,1.71,56.7,19,75,80,19.39,2
12,1.7,70,18,100,100,24.221,2
12,1.79,85,17,70,120,26.528,2
12,1.57,75,18,125,120,30.427,2
12,1.67,45,20,100,150,16.135,2
13,1.83,81.69,20,100,100,24.393,2
13,1.77,60,21,100,100,19.151,2
13,1.75,64.9,18,150,125,21.191,2
13,1.51,57.2,18,135,130,25.086,2
13,1.72,63,18,150,130,21.295,2
13,1.75,79.3,34,125,110,25.893,2
13,1.57,44.5,18,125,150,18.053,2
13,1.67,55.29,18,130,130,19.825,2
13,1.69,59.9,19,130,130,20.972,2
13,1.6,53,19,125,125,20.703,2
13,1.64,50.79,18,125,110,18.883,2
14,1.75,79.5,19,95,94,25.959,2
14,1.75,70,18,110,110,22.857,2
14,1.85,78.5,20,100,100,22.936,2
14,1.7,75.8,19,120,100,26.228,2
14,1.64,50.09,19,150,150,18.623,2
14,1.83,76.09,19,100,100,22.72,2
15,1.79,62,19,125,125,19.35,2
15,1.62,65.8,21,150,100,25.072,2
15,1.67,,24,100,100,,2
15,1.6,54.4,19,125,125,21.25,2
16,1.83,69.9,18,115,115,20.872,2
16,1.71,58.09,18,100,100,19.865,2
16,1.77,64.4,19,95,95,20.556,2
16,1.6,50.29,18,125,125,19.644,2
16,1.7,57,19,150,150,19.723,2
16,1.64,65.3,19,130,115,24.278,2
16,1.64,53.5,17,100,100,19.891,2
16,1.62,48,20,100,100,18.289,2
17,1.64,54,18,75,75,20.077,2
17,1.69,60.29,18,125,125,21.109,2
17,1.7,70,19,115,115,24.221,2
17,1.73,66,19,100,100,22.052,2
17,1.45,46,18,100,100,21.878,2
17,1.75,74,19,125,115,24.163,2
17,1.79,95.3,18,100,100,29.743,2
17,1.6,50.79,19,100,100,19.839,2
18,1.95,77,18,125,100,20.249,2
18,1.9,89.8,22,110,110,24.875,2
18,1.79,70.59,18,110,100,22.031,2
18,1.75,,19,130,135,,2
18,1.62,76.19,19,125,125,29.031,2
18,1.62,57.59,19,130,125,21.944,2
18,1.62,,26,100,100,,2
19,1.77,76.19,20,75,75,24.319,2
19,1.64,53.5,19,100,100,19.891,2
20,1.64,82.59,28,125,125,30.707,2
20,1.64,50.79,19,100,100,18.883,2
20,1.9,80,19,120,120,22.16,2
20,1.62,54,20,100,100,20.576,2
20,1.77,67.09,19,115,105,21.414,2
20,1.87,74.8,19,150,150,21.39,2
20,1.67,,20,125,125,,2
20,1.6,,,100,100,,2
21,1.85,82,19,120,100,23.959,2
21,1.79,78,18,150,120,24.343,2
21,1.7,75.8,19,130,125,26.228,2
21,1.79,71.69,24,100,100,22.374,2
21,1.87,82.59,19,125,100,23.618,2
21,1.96,95,19,100,100,24.729,2
22,1.82,80,21,125,125,24.151,2
22,1.62,54.9,22,125,125,20.919,2
22,1.75,70,31,100,100,22.857,2
22,1.69,59,18,120,120,20.657,2
22,1.9,,20,125,125,,2
22,1.85,82.09,18,100,100,23.985,2
23,1.83,78,20,140,140,23.291,2
23,1.7,82.09,18,125,120,28.404,2
23,1.79,63,19,100,60,19.662,2
23,1.64,63.5,21,150,75,23.609,2
23,1.62,57.59,19,120,120,21.944,2
23,1.57,58.09,19,125,125,23.566,2
24,1.79,80,24,130,110,24.968,2
24,1.87,94.8,18,110,100,27.109,2
24,1.6,50.79,20,125,125,19.839,2
25,1.87,,21,100,100,,2
26,1.79,76.19,18,125,125,23.778,2
10,1.67,57.2,21,150,100,20.509,3
10,1.76,62,18,100,110,20.015,3
12,1.77,98,19,120,100,31.28,3
13,1.85,70.3,19,100,100,20.54,3
13,1.83,73,19,115,100,21.798,3
13,1.83,67.09,18,125,120,20.033,3
13,1.85,83,20,110,100,24.251,3
13,1.72,55.79,28,125,110,18.858,3
14,1.73,74.8,20,120,120,24.992,3
14,1.62,56.2,19,125,120,21.414,3
14,1.62,50.79,19,145,140,19.352,3
14,1.6,60.79,19,115,115,23.746,3
15,1.6,53.5,18,100,75,20.898,3
15,1.6,50,19,80,80,19.531,3
15,1.62,60,19,110,110,22.862,3
15,1.6,52,19,100,90,20.312,3
15,1.64,66.19,34,125,115,24.609,3
15,1.77,70.8,19,110,80,22.598,3
15,1.72,62.29,18,100,70,21.055,3
16,1.83,72.09,19,100,100,21.526,3
16,1.83,78.9,19,140,110,23.559,3
16,1.7,67.59,18,115,100,23.387,3
17,1.75,78.9,18,125,125,25.763,3
17,1.72,98,31,100,85,33.126,3
17,1.7,69.4,26,100,100,24.013,3
17,1.5,51.29,20,110,70,22.795,3
17,1.67,67.59,22,110,105,24.235,3
17,1.72,64.4,18,100,75,21.768,3
17,1.57,66.69,19,105,95,27.055,3
17,1.62,50.79,19,130,110,19.352,3
17,1.67,63.5,20,100,130,22.768,3
18,1.79,67.09,24,100,100,20.938,3
18,1.79,75,21,150,100,23.407,3
19,1.54,60.79,19,150,150,25.632,3
19,1.72,67.09,19,100,95,22.677,3
19,1.58,42,22,150,120,16.824,3
19,1.72,60,20,120,85,20.281,3
19,1.85,72.59,19,100,115,21.209,3
19,1.64,68.9,21,100,100,25.617,3
20,1.75,82.59,19,135,115,26.968,3
20,1.62,60.29,20,130,100,22.972,3
20,1.85,80,18,100,90,23.374,3
21,1.79,68,25,125,90,21.222,3
21,1.78,75.8,18,120,115,23.923,3
22,1.75,60.29,25,110,90,19.686,3
22,1.7,63.5,19,110,90,21.972,3
22,1.83,84.4,21,100,90,25.202,3
22,1.75,65.3,20,90,80,21.322,3
23,1.79,80,29,130,130,24.968,3
23,1.62,54,19,110,80,20.576,3
23,1.77,82.59,20,150,120,26.362,3
24,1.62,47.2,,100,100,17.985,3
25,1.72,67.09,19,130,110,22.677,3
26,1.64,51.7,18,125,100,19.222,3
27,1.75,77.09,18,150,130,25.172,3
9,1.75,67.09,24,100,100,21.906,4
12,1.75,71.19,18,110,90,23.245,4
12,1.62,54,18,125,100,20.576,4
13,1.85,78.5,18,125,100,22.936,4
14,1.79,82.59,18,75,75,25.776,4
14,1.79,59,21,125,125,18.413,4
15,1.77,68,19,125,115,21.705,4
16,1.89,80.09,20,115,115,22.42,4
16,1.75,,19,70,100,,4
16,1.72,69,21,100,100,23.323,4
17,1.7,69.9,19,125,124,24.186,4
17,1.7,65,19,100,150,22.491,4
18,1.71,59.9,18,130,120,20.484,4
18,1.77,73,18,125,125,23.301,4
18,1.74,59.5,19,125,100,19.652,4
19,,58.09,19,125,115,,4
19,1.58,48.09,18,125,110,19.263,4
20,1.47,58.5,19,125,135,27.072,4
20,1.64,,28,120,120,,4
20,1.72,65.3,20,150,125,22.072,4
20,1.7,60.79,18,125,100,21.034,4
21,1.85,73,21,120,120,21.329,4
21,1.7,88,19,100,100,30.449,4
21,1.64,56.4,18,110,90,20.969,4
21,1.83,73,18,120,120,21.798,4
21,1.67,56,18,125,110,20.079,4
22,1.7,66.69,18,120,120,23.076,4
22,1.73,60,24,125,,20.047,4
23,1.89,80,22,110,110,22.395,4
23,1.72,58.5,18,100,85,19.774,4
24,1.85,79.3,19,126,100,23.17,4
10,1.67,56.7,20,125,110,20.33,5
12,1.79,101.19,19,120,100,31.581,5
12,1.77,63.5,21,125,120,20.268,5
13,1.6,44.9,20,90,90,17.539,5
13,1.85,87.09,19,110,100,25.446,5
13,1.62,69.9,20,125,75,26.634,5
14,1.75,59.9,18,110,100,19.559,5
14,1.8,74,27,100,100,22.839,5
14,1.77,90.69,19,120,125,28.947,5
14,1.79,64.4,19,115,115,20.099,5
14,1.8,75.3,19,110,110,23.24,5
15,1.84,85,19,111,112,25.106,5
16,1.77,77.59,19,100,80,24.766,5
16,1.72,72.59,19,120,110,24.536,5
16,1.85,64.9,18,75,75,18.962,5
17,1.79,82.59,19,135,110,25.776,5
17,1.85,88.9,20,120,120,25.975,5
17,1.92,91.3,19,100,100,24.766,5
17,1.67,58.5,18,100,100,20.976,5
18,1.85,78.5,20,125,115,22.936,5
18,1.62,50.79,19,125,110,19.352,5
19,1.7,59,20,100,120,20.415,5
19,1.62,51.29,20,125,125,19.543,5
19,1.6,55.29,19,90,90,21.597,5
19,1.6,69.9,31,150,150,27.304,5
19,1.71,66.69,19,125,100,22.807,5
20,1.83,66.69,19,120,105,19.914,5
20,1.69,80.19,20,120,110,28.076,5
21,1.79,81.19,18,100,70,25.339,5
21,1.6,60.29,19,130,129,23.55,5
22,1.72,50.79,19,100,100,17.168,5
22,1.83,65.3,18,130,100,19.498,5
22,1.62,50.79,19,150,125,19.352,5
23,1.64,51.29,18,125,100,19.069,5
23,1.59,53.5,20,125,100,21.162,5
24,1.64,58,19,120,100,21.564,5
24,1.79,73.09,21,110,90,22.811,5
24,1.67,,20,125,100,,5
26,1.87,85.3,22,100,100,24.393,5
28,1.6,68.9,20,150,125,26.914,5
8,1.64,63.5,21,100,100,23.609,6
9,1.72,63.5,31,100,100,21.464,6
10,1.62,82.59,19,90,60,31.47,6
11,1.83,90,18,130,125,26.874,6
12,1.85,88,27,130,120,25.712,6
12,1.85,92,23,100,100,26.88,6
12,1.7,80,20,100,50,27.681,6
12,1.72,60.29,20,101,70,20.379,6
13,1.54,54.9,19,115,110,23.148,6
13,1.83,95.3,20,100,100,28.457,6
13,1.9,101.19,32,120,120,28.03,6
13,1.62,76,39,100,100,28.959,6
13,1.83,70.3,19,110,100,20.991,6
13,1.92,84,19,125,120,22.786,6
13,1.87,90.3,19,125,125,25.822,6
13,1.7,69.9,19,130,130,24.186,6
13,1.83,75.8,19,130,130,22.634,6
14,1.62,,18,125,100,,6
14,1.64,,21,125,125,,6
14,1.75,74.8,22,100,100,24.424,6
14,1.87,69.9,19,100,100,19.989,6
14,1.85,80,20,70,65,23.374,6
15,1.85,73.5,24,100,100,21.475,6
15,1.62,50.79,19,110,100,19.352,6
15,1.64,54,19,140,140,20.077,6
15,1.62,65.3,18,100,100,24.881,6
15,1.77,99.8,19,125,115,31.855,6
15,1.67,,19,150,140,,6
15,1.85,85.69,19,51,52,25.037,6
15,1.57,68.5,21,100,80,27.79,6
15,1.72,68,20,125,125,22.985,6
15,1.71,63.5,33,120,120,21.716,6
16,1.73,75.9,19,150,100,25.36,6
16,1.87,97.3,19,150,50,27.824,6
16,1.67,48.09,18,113,110,17.243,6
16,1.67,63.5,19,125,125,22.768,6
16,1.89,83,24,100,100,23.235,6
16,1.79,63.5,20,140,140,19.818,6
16,1.77,70,24,100,100,22.343,6
16,1.67,54,21,150,145,19.362,6
16,1.67,55,20,105,95,19.721,6
16,1.72,68.19,30,120,120,23.049,6
16,1.79,82.59,19,110,100,25.776,6
17,1.67,46.5,18,125,125,16.673,6
17,1.7,60.29,19,75,50,20.861,6
17,1.77,86.19,26,110,100,27.511,6
17,1.66,55.29,20,125,125,20.064,6
17,1.77,64.4,20,125,115,20.556,6
17,1.62,42.2,19,117,120,16.079,6
17,1.64,60.79,19,125,100,22.601,6
18,1.64,63.59,25,130,130,23.642,6
18,1.6,57.2,20,125,100,22.343,6
18,1.77,59.9,20,125,125,19.119,6
18,1.77,81.3,19,100,100,25.95,6
18,1.67,70,28,125,125,25.099,6
19,1.84,80,20,90,90,23.629,6
19,1.77,65.8,20,125,125,21.002,6
19,1.62,53,23,100,100,20.195,6
19,1.85,85.19,20,120,110,24.891,6
19,1.6,57.2,19,125,120,22.343,6
19,1.62,58,19,110,90,22.1,6
19,1.7,59.4,19,120,115,20.553,6
19,1.51,63.5,47,125,125,27.849,6
19,1.62,67.09,20,120,130,25.563,6
20,1.64,63.5,20,150,150,23.609,6
20,1.85,77.09,20,100,100,22.524,6
20,1.72,61.7,25,100,125,20.855,6
20,1.77,63.5,18,140,150,20.268,6
21,1.7,62,19,100,100,21.453,6
21,1.72,69.4,25,125,80,23.458,6
21,1.75,72.59,19,100,100,23.702,6
21,1.85,85,20,135,135,24.835,6
21,1.62,63.5,19,125,125,24.196,6
21,1.7,54,20,120,110,18.685,6
21,1.71,52,23,100,100,17.783,6
21,1.64,60.79,18,125,135,22.601,6
22,1.6,53,34,125,125,20.703,6
22,1.51,72.59,18,100,100,31.836,6
22,1.62,56.7,19,125,100,21.604,6
22,1.79,67.59,28,130,100,21.094,6
23,1.57,51.7,20,130,130,20.974,6
23,1.67,,18,125,100,,6
23,1.79,75,19,110,110,23.407,6
23,1.51,53.59,18,100,100,23.503,6
23,1.6,44,25,75,75,17.187,6
23,1.63,49,27,100,100,18.442,6
24,1.6,53.5,18,90,90,20.898,6
25,1.77,87.09,19,120,90,27.798,6
25,1.83,,19,120,121,,6
26,1.6,56.7,20,100,100,22.148,6
26,1.51,57.2,19,125,100,25.086,6
27,1.75,74,20,120,100,24.163,6
12,1.62,47.59,18,130,120,18.133,7
12,1.67,69.9,20,110,120,25.063,7
13,1.66,72,20,150,100,26.128,7
14,1.87,86,23,120,100,24.593,7
14,1.75,63,21,150,150,20.571,7
14,1.7,61.7,18,115,115,21.349,7
14,1.63,55,19,125,125,20.7,7
14,1.69,70,21,150,100,24.508,7
15,1.86,64.9,23,95,85,18.759,7
15,1.75,59.4,18,125,124,19.395,7
16,1.64,60.9,19,130,130,22.642,7
16,1.79,85,19,100,100,26.528,7
16,1.83,95.3,20,120,110,28.457,7
16,1.64,64,20,100,110,23.795,7
18,1.62,64.09,19,125,90,24.42,7
18,1.57,45.79,18,130,130,18.576,7
18,1.64,45,20,100,130,16.731,7
19,1.67,65.3,19,100,100,23.414,7
19,1.85,76,23,100,100,22.205,7
20,1.62,52.59,19,130,130,20.038,7
20,1.54,52.2,18,130,130,22.01,7
20,1.53,54.2,18,150,130,23.153,7
21,1.75,57.59,18,140,140,18.804,7
22,1.72,59.4,18,130,140,20.078,7
22,1.92,85.3,22,110,100,23.139,7
24,1.72,52,32,100,100,17.577,7
26,1.7,69.19,19,130,110,23.941,7
6,2,88.5,18,140,130,22.125,8
7,1.51,63.5,19,100,80,27.849,8
8,1.83,66.69,18,150,125,19.914,8
9,1.67,74.8,19,125,125,26.82,8
13,1.79,74.8,22,100,100,23.345,8
13,1.55,51.9,19,125,120,21.602,8
13,1.7,65.3,18,125,140,22.595,8
13,1.79,58.09,21,100,100,18.129,8
13,1.72,63.5,18,125,125,21.464,8
14,1.79,58.09,18,125,125,18.129,8
14,1.62,54.9,19,120,110,20.919,8
14,1.62,43.5,19,145,125,16.575,8
14,1.64,57.2,18,140,120,21.267,8
14,1.62,57.2,21,120,120,21.795,8
14,1.79,68,19,140,125,21.222,8
14,1.83,65.8,18,100,100,19.648,8
14,1.77,68,19,125,100,21.705,8
15,1.77,79,18,130,120,25.216,8
15,1.87,72.59,18,119,112,20.758,8
15,1.61,55,22,130,125,21.218,8
15,1.67,59,19,125,125,21.155,8
16,1.73,84.59,19,120,100,28.263,8
16,1.87,57.2,18,130,125,16.357,8
17,1.9,81.19,20,75,75,22.49,8
17,1.76,70.8,18,120,100,22.856,8
17,1.75,57.2,19,110,100,18.677,8
17,1.72,70,28,75,75,23.661,8
17,1.67,57,19,125,120,20.438,8
18,1.57,63.5,19,125,125,25.761,8
18,1.82,83,23,125,100,25.057,8
18,1.51,47.59,19,125,125,20.871,8
18,1.77,67.09,19,125,100,21.414,8
18,1.7,59,23,100,100,20.415,8
19,1.7,57.2,18,150,140,19.792,8
19,1.85,79.3,19,130,120,23.17,8
19,1.83,83,28,125,125,24.784,8
19,1.83,85.3,19,100,125,25.471,8
19,1.79,69.9,18,100,80,21.815,8
19,1.57,52.59,18,110,100,21.335,8
20,1.6,53.09,18,125,125,20.738,8
20,1.67,58.09,18,150,125,20.829,8
20,1.79,54.4,18,95,90,16.978,8
20,1.67,65.09,21,100,100,23.338,8
21,1.59,80,25,125,125,31.644,8
21,1.77,64.4,18,50,50,20.556,8
21,1.75,60,19,150,150,19.591,8
21,1.7,58.5,20,100,100,20.242,8
22,1.87,64.4,18,85,85,18.416,8
22,1.77,77.59,19,150,125,24.766,8
22,1.6,56,19,125,150,21.875,8
22,1.6,54.4,19,125,100,21.25,8
22,1.53,54,22,100,75,23.068,8
23,1.85,73.19,18,100,100,21.384,8
23,1.5,45.4,19,100,100,20.177,8
23,1.64,66.09,18,150,115,24.572,8
23,1.79,78,29,135,130,24.343,8
23,1.67,53.5,36,145,135,19.183,8
24,1.79,60,21,130,120,18.726,8
6,1.6,63,33,90,110,24.609,9
6,1.72,62.59,22,100,75,21.156,9
6,1.57,63.5,23,150,149,25.761,9
9,1.77,82.59,19,75,60,26.362,9
11,1.57,62.09,20,150,140,25.189,9
11,1.77,63.5,19,100,100,20.268,9
11,1.83,63.5,20,150,150,18.961,9
11,1.62,88.9,32,125,125,33.874,9
12,1.82,78.9,18,137,130,23.819,9
12,1.77,89,19,110,100,28.408,9
12,1.83,60.29,19,75,80,18.002,9
12,1.6,54,19,140,135,21.093,9
12,1.7,44,19,125,120,15.224,9
13,1.72,61.2,19,130,129,20.686,9
13,1.85,66.69,20,125,100,19.485,9
13,1.87,82.59,21,125,125,23.618,9
13,1.83,88.9,19,125,100,26.546,9
13,1.64,63.5,27,90,90,23.609,9
13,1.54,72.09,20,130,120,30.397,9
13,1.67,76.19,18,125,115,27.319,9
14,1.6,47.59,25,125,125,18.589,9
14,1.67,67.09,36,90,90,24.056,9
14,1.77,64.9,20,125,110,20.715,9
14,1.79,100.69,21,125,100,31.425,9
14,1.62,64.4,19,125,125,24.538,9
14,1.51,50.79,20,150,150,22.275,9
15,1.57,54,19,80,80,21.907,9
15,1.87,82.59,19,100,100,23.618,9
15,1.69,66.3,20,130,120,23.213,9
15,1.69,65.5,20,110,60,22.933,9
15,1.69,64.4,19,75,75,22.548,9
15,1.85,61.2,19,150,150,17.881,9
15,1.62,50,20,125,125,19.051,9
15,1.62,52.59,18,150,150,20.038,9
15,1.64,67.09,19,130,110,24.944,9
15,1.6,55,18,125,115,21.484,9
15,1.62,74.8,18,130,110,28.501,9
16,1.67,56.7,19,125,110,20.33,9
16,1.83,80.19,20,125,100,23.945,9
16,1.64,59.4,20,125,120,22.085,9
16,1.83,76.19,19,140,140,22.75,9
16,1.75,80.19,37,90,90,26.184,9
16,1.64,52,23,150,110,19.333,9
16,1.62,77.09,19,120,110,29.374,9
16,1.57,59.9,20,125,125,24.301,9
17,1.62,69.4,,125,100,26.444,9
17,1.62,60.79,22,101,80,23.163,9
17,1.87,90,23,120,120,25.737,9
17,1.85,93,20,91,90,27.173,9
18,1.9,87.8,19,125,115,24.321,9
18,1.64,65.8,19,105,90,24.464,9
18,1.72,66.69,19,125,100,22.542,9
18,1.96,76.19,19,125,115,19.832,9
18,1.75,57.2,18,120,110,18.677,9
18,1.62,55.5,19,50,100,21.147,9
18,1.63,63.5,47,130,100,23.9,9
19,1.67,57.2,19,125,110,20.509,9
19,1.7,59.9,20,110,115,20.726,9
19,1.79,66.69,20,115,120,20.813,9
19,1.65,66.69,20,101,100,24.495,9
19,1.83,85,19,100,100,25.381,9
19,1.72,68,21,125,125,22.985,9
19,1.62,52,27,133,133,19.814,9
20,1.87,77.09,18,75,75,22.045,9
20,1.72,58.09,26,126,116,19.635,9
20,1.51,48.5,18,85,80,21.27,9
20,1.86,91.59,23,100,75,26.474,9
21,1.6,56.7,20,115,110,22.148,9
21,1.67,59,22,125,100,21.155,9
21,1.64,53.5,18,125,125,19.891,9
22,1.77,58.5,20,135,110,18.672,9
22,1.71,66.19,19,125,110,22.636,9
23,1.72,50.79,20,90,125,17.168,9
23,1.57,55.29,20,90,85,22.43,9
23,1.83,72.59,18,75,100,21.675,9
23,1.73,60,20,100,50,20.047,9
24,1.67,69.9,19,125,125,25.063,9
25,1.82,66.69,19,110,90,20.133,9
25,1.6,53.5,19,125,125,20.898,9
25,1.67,59.9,20,150,150,21.478,9
26,1.67,56.5,41,120,120,20.258,9
27,1.67,59.9,20,125,125,21.478,9
13,1.75,83.5,22,100,50,27.265,10
14,1.67,51,23,130,130,18.286,10
14,1.86,74,18,70,60,21.389,10
14,1.54,60,19,120,130,25.299,10
14,1.75,74,19,65,60,24.163,10
15,1.5,64,19,150,150,28.444,10
15,1.58,45,20,110,130,18.025,10
15,1.83,75,19,100,90,22.395,10
15,1.82,95,21,100,100,28.68,10
16,1.79,,20,110,80,,10
16,1.73,60,20,125,100,20.047,10
16,,,21,100,100,,10
16,1.67,50,18,50,,17.928,10
17,1.75,72,19,125,150,23.51,10
17,1.65,56,21,50,,20.569,10
17,,,18,110,90,,10
18,1.64,58,20,130,110,21.564,10
19,1.87,,19,100,80,,10
19,1.7,,20,120,120,,10
19,1.67,52,19,100,100,18.645,10
19,1.7,32,20,100,100,11.072,10
19,1.6,48,19,100,100,18.75,10
20,,,20,100,,,10
20,1.95,75,20,100,100,19.723,10
20,1.7,59.9,18,100,,20.726,10
20,1.61,50,20,100,,19.289,10
20,,,20,100,,,10
21,1.62,57.2,19,75,85,21.795,10
21,1.74,53,19,150,150,17.505,10
22,,,20,100,,,10
27,1.62,64.5,19,150,150,24.577,10
28,1.79,85,22,150,150,26.528,10
4,,75,21,150,100,,11
8,1.5,40,20,110,60,17.777,11
8,1.88,90,20,105,104,25.464,11
10,1.56,80,19,100,90,32.873,11
11,1.65,70,21,90,60,25.711,11
11,1.83,80,20,100,100,23.888,11
12,2.01,94,19,112,110,23.266,11
12,1.67,57,20,100,100,20.438,11
12,1.73,60.2,20,101,101,20.114,11
12,,,21,100,103,,11
12,1.7,65,19,125,125,22.491,11
12,1.5,60,19,110,90,26.666,11
12,1.88,80,19,100,100,22.634,11
12,1.7,63,20,110,130,21.799,11
13,1.62,55,20,110,90,20.957,11
13,,54,18,115,115,,11
13,1.7,70,20,100,100,24.221,11
13,1.67,,20,110,120,,11
13,,,20,125,125,,11
14,1.58,50,20,110,90,20.028,11
14,1.5,85,20,120,100,37.777,11
14,1.6,60,19,100,150,23.437,11
14,1.1,,19,100,100,,11
15,1.68,,18,100,100,,11
15,1.7,70,20,100,100,24.221,11
15,1.68,63,19,125,100,22.321,11
15,1.57,60,30,100,150,24.341,11
15,1.7,60,19,85,85,20.761,11
15,1.75,90,23,110,115,29.387,11
15,1.76,70,19,100,100,22.598,11
15,1.68,58,20,100,75,20.549,11
16,1.55,80,18,120,110,33.298,11
16,,,19,100,65,,11
16,1.8,60,19,100,100,18.518,11
16,1.6,60,19,100,100,23.437,11
17,1.7,56,22,100,110,19.377,11
17,1.9,90,21,100,100,24.93,11
17,1.85,65,19,125,100,18.991,11
17,1.71,68,18,100,150,23.255,11
17,1.73,,39,100,100,,11
18,1.75,50,18,100,125,16.326,11
18,1.7,98,19,80,60,33.91,11
18,,,19,100,100,,11
18,1.8,80,24,100,100,24.691,11
18,1.74,62.5,18,150,130,20.643,11
18,1.8,60,19,100,75,18.518,11
18,1.78,65,19,100,100,20.515,11
18,1.8,90,19,100,100,27.777,11
18,1.62,58,20,80,90,22.1,11
19,1.53,50,22,150,100,21.359,11
19,1.72,,20,120,120,,11
19,1.83,75,24,100,100,22.395,11
19,1.7,60,26,110,100,20.761,11
19,1.6,53,19,100,80,20.703,11
19,1.82,78.5,20,120,150,23.698,11
19,1.75,90,20,90,90,29.387,11
20,1.75,70,22,100,100,22.857,11
20,1.7,79,18,100,100,27.335,11
20,1.72,80,19,100,100,27.041,11
20,1.63,50,18,100,110,18.818,11
20,1.1,,19,100,100,,11
20,1.7,62.9,19,137,137,21.764,11
20,1.73,,19,110,100,,11
20,1.8,75,20,100,100,23.148,11
21,1.8,70,18,100,125,21.604,11
21,1.81,75.9,22,75,90,23.167,11
21,1.55,68,18,100,80,28.303,11
21,1.9,75,20,100,70,20.775,11
21,1.6,52,19,105,105,20.312,11
21,1.83,,21,100,80,,11
22,1.8,63,20,100,100,19.444,11
22,1.67,50,20,100,100,17.928,11
23,1.77,90,19,50,50,28.727,11
23,1.71,80,22,150,150,27.358,11
23,1.9,70,19,110,120,19.39,11
23,1.8,75,24,140,100,23.148,11
23,1.8,59,19,110,90,18.209,11
23,1.7,90,20,100,100,31.141,11
23,1.58,,19,110,80,,11
23,1.77,81,20,110,100,25.854,11
23,1.6,,33,150,100,,11
7,1.75,56.4,20,120,120,18.416,12
8,1.78,65,23,80,80,20.515,12
9,1.58,45,19,100,110,18.025,12
10,1.66,55,20,120,120,19.959,12
10,1.87,90,26,100,100,25.737,12
10,1.6,48,21,150,150,18.75,12
10,1.65,55,21,140,140,20.202,12
11,1.6,55,20,60,60,21.484,12
11,1.65,,18,125,125,,12
12,1.64,54.5,20,140,150,20.263,12
12,1.58,,19,120,80,,12
12,1.9,100,18,110,110,27.7,12
13,1.86,49.2,18,110,105,14.221,12
13,1.56,44,21,100,100,18.08,12
13,1.7,50,18,125,50,17.301,12
13,1.8,75,20,100,100,23.148,12
13,1.8,45,20,100,100,13.888,12
14,1.8,60,18,110,50,18.518,12
14,1.65,58,22,125,120,21.303,12
14,1.75,71,19,100,110,23.183,12
14,1.6,56,20,100,100,21.875,12
14,1.7,54,18,135,135,18.685,12
15,1.71,61.4,18,150,150,20.997,12
15,1.8,80,18,130,70,24.691,12
15,1.6,56,18,125,100,21.875,12
15,1.7,60,18,120,100,20.761,12
15,1.58,60,18,120,90,24.034,12
16,1.74,55,18,135,120,18.166,12
16,1.84,70,18,120,100,20.675,12
16,1.5,54,18,150,100,24,12
16,1.56,,18,145,145,,12
16,1.71,48,22,130,130,16.415,12
16,1.5,54,18,120,125,24,12
16,1.6,60,19,150,130,23.437,12
16,1.8,66,19,100,100,20.37,12
16,1.54,60,24,150,150,25.299,12
16,1.65,50,21,50,60,18.365,12
17,1.8,75,20,145,145,23.148,12
17,1.7,70,18,110,100,24.221,12
17,1.68,55,20,150,120,19.486,12
17,1.58,60,25,110,50,24.034,12
17,1.6,46,23,145,100,17.968,12
18,1.65,55,18,101,89,20.202,12
18,1.7,70,20,140,110,24.221,12
18,1.82,72,19,107,108,21.736,12
18,1.58,51,19,150,100,20.429,12
18,1.68,74,19,110,100,26.218,12
18,1.75,70,20,121,115,22.857,12
18,1.8,62.5,19,100,125,19.29,12
18,1.75,62,21,125,125,20.244,12
19,1.84,87.4,20,100,50,25.815,12
19,1.8,100,19,120,110,30.864,12
19,2,65,18,120,90,16.25,12
19,1.7,78,18,135,135,26.989,12
19,1.6,53,19,120,150,20.703,12
19,1.7,62,24,100,100,21.453,12
19,1.56,80,20,100,100,32.873,12
20,1.6,49,20,100,100,19.14,12
20,1.64,47,18,100,60,17.474,12
20,1.8,70,18,130,140,21.604,12
20,1.86,60,18,120,80,17.343,12
20,1.7,50,19,100,100,17.301,12
20,1.74,60,22,100,100,19.817,12
21,1.81,64.2,19,100,90,19.596,12
21,1.64,50,21,100,100,18.59,12
21,1.7,75,19,100,100,25.951,12
21,1.72,70,21,100,90,23.661,12
21,1.8,,19,110,105,,12
23,1.76,52,19,100,100,16.787,12
23,1.88,,17,150,100,,12
24,1.8,,19,100,100,,12
24,1.8,50,18,100,50,15.432,12
24,1.64,52,18,100,130,19.333,12
24,1.75,80,19,125,100,26.122,12
24,1.74,52.5,20,120,110,17.34,12
24,1.7,,18,150,150,,12
24,,44,23,100,100,,12
24,1.61,49,21,130,100,18.903,12
24,1.67,49,25,150,150,17.569,12
25,1.54,48,20,100,150,20.239,12
8,1.81,78,19,150,150,23.808,13
11,1.72,66.2,19,70,75,22.376,13
12,1.6,60,19,100,80,23.437,13
12,1.78,62,19,150,,19.568,13
12,1.62,48.5,21,100,100,18.48,13
13,1.78,63,20,150,150,19.883,13
13,1.68,45,22,100,100,15.943,13
13,1.58,54,22,150,150,21.631,13
14,1.75,,18,125,100,,13
14,1.62,46,19,100,,17.527,13
14,1.74,59.8,18,115,125,19.751,13
15,1.8,80,48,138,110,24.691,13
15,1.62,48,22,100,125,18.289,13
15,1.8,,19,125,125,,13
15,1.57,53,19,100,140,21.501,13
15,1.6,52,19,110,120,20.312,13
15,1.7,52,21,80,100,17.993,13
15,1.68,60,19,130,120,21.258,13
16,1.7,48.6,19,130,80,16.816,13
16,1.65,68,45,120,120,24.977,13
16,1.68,,20,110,110,,13
16,1.82,80,22,100,150,24.151,13
16,1.69,45,19,100,100,15.755,13
16,1.71,63,19,149,150,21.545,13
16,1.7,69,18,125,135,23.875,13
16,1.7,45,19,150,150,15.57,13
16,1.52,45,18,130,100,19.477,13
16,1.63,30,19,100,100,11.291,13
16,1.63,45,20,130,130,16.937,13
16,1.78,73,19,100,100,23.04,13
16,1.6,39,19,115,120,15.234,13
17,1.9,80,21,126,90,22.16,13
17,1.9,80,21,120,90,22.16,13
17,1.6,50,19,130,110,19.531,13
17,1.62,58.5,19,77,55,22.29,13
17,1.61,49,19,100,100,18.903,13
17,1.53,82,19,69,150,35.029,13
17,1.53,82,19,69,150,35.029,13
17,1.62,82,23,130,130,31.245,13
17,1.53,,18,125,110,,13
17,1.6,46,21,120,120,17.968,13
18,1.9,98,19,100,50,27.146,13
18,1.58,45,18,136,136,18.025,13
18,1.65,56,20,111,110,20.569,13
18,1.68,52,20,100,,18.424,13
18,1.63,50,30,90,90,18.818,13
18,1.6,45,20,100,100,17.578,13
18,1.56,48,21,100,,19.723,13
18,1.73,70,19,100,,23.388,13
19,1.6,80,18,101,70,31.25,13
19,1.7,65,20,100,150,22.491,13
19,1.52,46,19,130,140,19.909,13
19,1.7,61,24,150,100,21.107,13
19,1.81,80,18,110,120,24.419,13
19,1.7,70,20,130,,24.221,13
19,1.85,76,24,75,75,22.205,13
19,1.68,54.5,20,120,125,19.309,13
19,1.58,50,21,88,88,20.028,13
19,1.65,55,20,110,120,20.202,13
19,1.59,60,21,150,150,23.733,13
20,1.6,60,17,125,110,23.437,13
20,1.58,59,20,110,100,23.634,13
20,1.6,57,18,120,130,22.265,13
20,1.64,67.5,20,110,100,25.096,13
21,1.8,90,19,100,100,27.777,13
21,1.75,60,19,100,,19.591,13
21,1.69,62,19,70,60,21.707,13
21,1.58,52,18,100,110,20.829,13
22,1.58,44.5,19,100,100,17.825,13
23,1.8,80,20,110,110,24.691,13
23,1.68,56,19,110,110,19.841,13
24,1.8,75,20,110,105,23.148,13
24,1.75,80,19,77,77,26.122,13
24,1.8,132,19,132,,40.74,13
25,1.8,115,21,100,70,35.493,13
25,1.75,,21,55,,,13
25,1.99,95,20,100,120,23.989,13
25,1.8,66,19,100,100,20.37,13
25,1.74,73,20,100,90,24.111,13
6,1.83,89.9,21,118,118,26.844,14
7,1.62,56.5,20,110,120,21.528,14
8,1.64,60.2,20,100,110,22.382,14
10,1.62,65,60,150,145,24.767,14
11,1.91,92,23,130,130,25.218,14
11,1.75,75,19,110,,24.489,14
12,1.86,70.1,20,75,74,20.262,14
12,1.85,60,20,118,106,17.531,14
13,1.6,77,22,110,85,30.078,14
14,1.75,75,18,140,100,24.489,14
14,1.7,88,38,140,75,30.449,14
14,1.98,75,18,67,70,19.13,14
14,1.52,43.6,21,100,100,18.871,14
14,1.86,73.2,18,125,123,21.158,14
14,1.7,68,28,108,70,23.529,14
15,1.9,110,18,120,80,30.47,14
15,,70,18,100,110,,14
15,1.6,53.5,17,115,125,20.898,14
16,1.65,70,19,120,120,25.711,14
16,1.85,53,19,128,90,15.485,14
16,1.65,65,18,125,135,23.875,14
17,1.8,69,18,110,111,21.296,14
17,1.8,76,22,110,90,23.456,14
18,1.5,56.7,18,100,75,25.2,14
18,1.78,70.1,19,110,,22.124,14
18,1.76,78.5,18,130,130,25.342,14
18,1.7,50,18,102,80,17.301,14
18,1.8,78,20,115,115,24.074,14
18,1.82,90,18,105,115,27.17,14
18,1.67,50,18,135,140,17.928,14
19,1.68,55,19,130,125,19.486,14
20,1.6,65,18,100,100,25.39,14
20,1.65,67,19,140,100,24.609,14
20,1.76,79,21,110,75,25.503,14
21,1.8,70.8,17,120,105,21.851,14
21,1.61,64,27,141,139,24.69,14
22,1.54,58,18,132,92,24.456,14
22,1.95,79,19,110,90,20.775,14
22,1.75,75,19,142,135,24.489,14
23,1.8,74,24,100,100,22.839,14
24,1.58,64,19,125,126,25.636,14
12,1.53,50,20,120,110,21.359,15
13,1.7,62,18,100,110,21.453,15
13,1.82,86,22,100,100,25.963,15
13,1.8,69.3,19,126,100,21.388,15
14,1.8,70,20,130,120,21.604,15
15,1.75,70,22,111,111,22.857,15
16,1.78,76.5,21,120,120,24.144,15
16,1.77,85,19,100,100,27.131,15
16,1.84,67,20,125,115,19.789,15
16,,,25,100,150,,15
17,1.53,65,23,100,113,27.767,15
17,1.66,75,22,125,105,27.217,15
17,1.96,70,44,100,100,18.221,15
17,1.58,50,21,100,125,20.028,15
18,1.86,,22,100,100,,15
20,1.75,75,19,100,89,24.489,15
20,1.65,60,20,90,85,22.038,15
20,1.6,42,19,100,100,16.406,15
21,1.65,73,49,100,100,26.813,15
22,1.7,96,20,100,100,33.217,15
11,1.9,70,20,100,75,19.39,16
11,1.7,,19,130,115,,16
12,2,87,19,145,146,21.75,16
12,1.79,85,26,150,100,26.528,16
12,1.7,79,19,130,130,27.335,16
12,1.8,90,19,110,150,27.777,16
12,1.6,56,18,110,115,21.875,16
13,1.7,70,18,149,150,24.221,16
13,1.55,70.5,22,105,105,29.344,16
13,1.88,90.4,24,113,127,25.577,16
14,1.75,85,29,70,72,27.755,16
14,1.8,84,33,120,110,25.925,16
14,1.78,72,24,135,136,22.724,16
14,1.6,60,19,150,150,23.437,16
15,1.68,,18,90,90,,16
15,,63,25,140,100,,16
15,1.88,70,20,120,100,19.805,16
16,2,70,20,125,100,17.5,16
16,1.7,75,19,75,100,25.951,16
16,1.67,86,19,130,110,30.836,16
16,1.68,57,19,100,130,20.195,16
16,1.83,73.5,19,100,101,21.947,16
16,1.8,74,29,120,120,22.839,16
16,1.78,70,18,120,110,22.093,16
17,1.74,64.5,18,99,69,21.304,16
17,1.83,92,18,105,106,27.471,16
17,1.73,60,19,50,60,20.047,16
17,1.87,75,19,130,110,21.447,16
17,1.72,70,19,100,101,23.661,16
17,1.72,70,19,103,101,23.661,16
17,1.8,65,20,120,90,20.061,16
17,1.75,65,20,100,65,21.224,16
17,1.7,99,38,110,100,34.256,16
18,1.65,60,18,120,100,22.038,16
18,2,50,19,120,120,12.5,16
19,1.7,62,18,125,110,21.453,16
19,1.83,75,29,100,80,22.395,16
19,1.65,67.5,19,100,100,24.793,16
19,1.79,76.5,29,100,100,23.875,16
20,1.73,65,19,112,114,21.718,16
20,1.6,60,19,120,120,23.437,16
20,1.71,78,22,95,95,26.674,16
20,1.63,52.7,18,125,,19.835,16
20,1.75,65,19,100,50,21.224,16
21,1.8,84,18,80,70,25.925,16
22,1.85,105,19,100,95,30.679,16
22,1.86,70,19,132,110,20.233,16
22,1.5,71.5,20,90,97,31.777,16
22,1.78,58,26,50,100,18.305,16
22,1.72,72,20,90,90,24.337,16
22,1.4,54,27,100,100,27.551,16
23,1.74,59.2,18,60,,19.553,16
24,1.82,72,19,99,99,21.736,16
25,1.72,56,18,105,100,18.929,16
26,1.53,60,18,125,120,25.631,16
28,1.77,69.3,20,140,140,22.12,16
10,1.91,93,22,113,117,25.492,17
11,1.72,61,18,115,98,20.619,17
13,1.72,72.1,19,120,95,24.371,17
14,1.84,80,20,85,87,23.629,17
15,1.85,80,23,120,120,23.374,17
15,1.75,82.1,18,123,123,26.808,17
16,1.79,88.9,19,99,76,27.745,17
16,1.65,75.5,19,101,105,27.731,17
17,1.78,70.1,19,120,101,22.124,17
17,1.8,74,18,65,65,22.839,17
18,1.93,80.5,18,137,136,21.611,17
18,1.8,65,22,125,120,20.061,17
19,1.8,78,18,119,92,24.074,17
19,1.87,77.8,18,50,50,22.248,17
19,1.8,85,18,128,130,26.234,17
19,1.68,60.8,34,130,120,21.541,17
19,1.7,67,21,120,110,23.183,17
19,1.8,78,20,130,120,24.074,17
19,1.68,63.5,19,120,110,22.498,17
20,1.7,89.4,19,150,120,30.934,17
20,1.77,60,21,115,119,19.151,17
21,1.8,77.6,18,111,111,23.95,17
21,1.72,90,19,92,70,30.421,17
21,1.59,48.2,20,80,80,19.065,17
21,1.78,62,19,100,100,19.568,17
22,1.78,77.5,18,99,99,24.46,17
22,1.85,93,21,80,80,27.173,17
23,1.72,68,19,135,135,22.985,17
24,1.76,64,18,110,115,20.661,17
24,1.7,68.5,19,137,132,23.702,17
24,1.83,70,18,110,110,20.902,17
24,1.85,76.2,20,83,75,22.264,17
25,1.8,84,20,79,85,25.925,17
27,1.7,70,19,94,94,24.221,17
28,1.83,65,18,90,50,19.409,17
13,1.73,67.5,26,76,98,22.553,18
14,1.82,64.6,27,150,100,19.502,18
15,1.68,53,25,120,105,18.778,18
16,1.79,86.5,26,120,100,26.996,18
17,1.73,76,18,100,100,25.393,18
19,1.75,68,21,99,90,22.204,18
19,1.7,68,21,130,130,23.529,18
19,1.47,45,21,120,121,20.824,18
20,1.8,85,22,110,110,26.234,18
21,1.95,75,20,70,65,19.723,18
21,1.66,64,29,125,110,23.225,18
22,1.8,67.5,20,130,105,20.833,18
23,1.79,70,18,100,105,21.847,18
26,1.62,65,21,120,120,24.767,18
9,1.8,76,23,90,90,23.456,19
10,1.95,91.3,20,61,55,24.01,19
10,1.7,65,23,90,80,22.491,19
12,1.8,70,21,120,110,21.604,19
13,1.68,98,19,100,100,34.722,19
13,1.9,68,27,105,120,18.836,19
13,1.73,80,19,100,100,26.729,19
13,1.8,70,23,70,110,21.604,19
14,1.78,72,18,90,134,22.724,19
14,1.67,54,24,140,150,19.362,19
14,1.8,75,30,60,150,23.148,19
15,1.6,80,26,110,120,31.25,19
15,1.85,65,19,90,85,18.991,19
16,1.8,70,20,123,123,21.604,19
16,1.74,68,21,110,120,22.46,19
18,1.8,95,18,64,146,29.32,19
18,1.81,108,20,95,140,32.966,19
18,1.74,63,18,111,90,20.808,19
18,1.76,67,22,100,90,21.629,19
20,1.86,85,19,100,100,24.569,19
21,1.8,65,18,110,90,20.061,19
21,1.65,59,18,125,100,21.671,19
21,1.77,95,28,125,140,30.323,19
21,1.68,68,19,120,60,24.092,19
22,1.5,67,19,110,120,29.777,19
22,1.85,78.8,27,130,140,23.024,19
22,1.7,68,18,120,110,23.529,19
26,1.69,63,18,120,90,22.058,19
12,1.66,64.6,20,110,106,23.443,20
14,1.85,82.1,26,116,96,23.988,20
16,1.93,86.6,35,71,71,23.248,20
16,1.78,72,26,125,75,22.724,20
17,1.7,68,22,110,110,23.529,20
18,1.63,57.2,19,110,80,21.528,20
20,1.73,62,18,130,110,20.715,20
21,1.77,65,21,150,50,20.747,20
22,1.6,43,18,99,101,16.796,20
24,1.78,83,22,99,101,26.196,20
7,2,76,20,100,100,19,21
11,1.63,59,19,99,71,22.206,21
11,1.85,71.7,18,105,95,20.949,21
12,1.85,83,19,120,123,24.251,21
13,1.8,78.9,25,80,80,24.351,21
13,1.8,,18,100,100,,21
14,1.88,120.6,27,120,110,34.121,21
14,1.78,85,23,120,106,26.827,21
14,1.7,72,19,110,105,24.913,21
14,1.77,65,19,130,80,20.747,21
14,1.75,82,18,120,125,26.775,21
14,1.72,70,31,150,120,23.661,21
15,1.93,97.1,20,110,115,26.067,21
15,1.8,74,21,100,110,22.839,21
15,1.88,77.6,18,100,115,21.955,21
15,1.74,70,18,100,90,23.12,21
16,1.48,76.1,18,125,125,34.742,21
16,1.89,85,19,130,,23.795,21
16,1.7,65.8,24,100,101,22.768,21
16,1.75,70,19,120,119,22.857,21
17,1.65,60.2,28,100,75,22.112,21
17,1.75,85,20,115,108,27.755,21
17,1.72,80,20,100,99,27.041,21
18,1.76,72.1,18,130,,23.276,21
18,1.7,76.8,18,100,110,26.574,21
18,1.21,65,18,101,80,44.395,21
18,1.63,60,20,100,70,22.582,21
18,1.72,65,18,120,120,21.971,21
18,1.8,80,18,130,135,24.691,21
18,1.8,68,20,125,130,20.987,21
19,1.75,70,20,110,125,22.857,21
19,1.8,70,18,110,110,21.604,21
19,1.68,55,18,110,80,19.486,21
20,1.85,66.5,18,50,51,19.43,21
20,1.83,65.8,18,120,130,19.648,21
20,1.85,63.5,18,100,90,18.553,21
20,1.68,63.6,20,100,65,22.534,21
20,1.75,68.9,21,50,50,22.497,21
21,1.78,65.8,19,125,120,20.767,21
21,1.72,50.8,19,75,125,17.171,21
21,1.8,80,20,110,80,24.691,21
22,1.8,80,19,110,90,24.691,21
22,1.63,59,20,90,110,22.206,21
23,1.82,65.7,19,135,145,19.834,21
23,1.91,71.2,23,118,79,19.517,21
23,1.9,81.6,23,63,64,22.603,21
23,1.8,85,18,108,108,26.234,21
24,1.88,73,19,100,110,20.654,21
24,1.82,79.5,18,101,75,24,21
24,1.89,86,21,110,115,24.075,21
24,1.69,52,21,110,113,18.206,21
26,1.91,75,18,110,90,20.558,21
26,1.73,57,19,100,120,19.045,21
28,1.7,56.2,18,100,120,19.446,21
6,1.85,105,54,90,90,30.679,22
9,1.79,95.9,25,69,72,29.93,22
10,2.01,73,20,130,80,18.068,22
11,1.85,74,31,120,130,21.621,22
13,1.77,68.5,20,80,85,21.864,22
13,1.78,70,20,85,75,22.093,22
13,1.85,90,19,82,90,26.296,22
14,1.77,63,18,137,145,20.109,22
14,1.83,69,19,133,145,20.603,22
14,1.75,99.9,26,100,80,32.62,22
14,1.78,64.3,18,100,100,20.294,22
14,1.74,86.5,19,110,120,28.57,22
15,1.75,84,25,100,80,27.428,22
15,1.82,83,20,100,100,25.057,22
15,1.74,88.9,19,112,112,29.363,22
15,1.8,65,23,130,140,20.061,22
15,1.76,76.6,23,100,110,24.728,22
16,1.79,80,27,125,149,24.968,22
16,1.68,,19,85,125,,22
16,1.75,55,21,127,100,17.959,22
16,1.68,70,19,85,100,24.801,22
16,1.7,66,30,80,70,22.837,22
16,1.81,72,19,110,95,21.977,22
17,1.82,78,24,100,75,23.547,22
17,1.85,97,18,101,102,28.341,22
17,1.8,70,23,79,95,21.604,22
17,1.89,105,22,69,51,29.394,22
17,1.8,75,19,90,70,23.148,22
18,1.8,72,20,76,95,22.222,22
18,1.75,72.5,20,90,150,23.673,22
18,1.82,86.2,21,100,120,26.023,22
18,1.72,65,19,59,100,21.971,22
18,1.83,78.2,24,68,87,23.35,22
18,1.74,108,26,109,125,35.671,22
18,1.47,76.2,20,150,100,35.263,22
19,1.88,70.5,18,90,79,19.946,22
19,1.81,82,24,75,74,25.029,22
19,1.8,,24,100,130,,22
19,1.74,89.8,22,115,108,29.66,22
20,1.8,75.8,20,98,101,23.395,22
20,1.55,58.5,18,127,125,24.349,22
20,,160,21,99,99,,22
20,1.52,55,19,45,110,23.805,22
20,1.82,94,27,75,75,28.378,22
20,1.68,75,19,100,110,26.573,22
20,1.77,80,19,100,100,25.535,22
21,1.79,66.6,21,101,101,20.785,22
21,1.94,90.5,18,125,90,24.046,22
22,1.7,72,22,130,110,24.913,22
22,1.72,75,20,86,87,25.351,22
22,1.57,45,21,115,87,18.256,22
23,1.8,70,31,100,150,21.604,22
23,1.83,90,18,125,125,26.874,22
23,1.8,80,21,70,95,24.691,22
23,1.8,,19,103,100,,22
24,1.8,78,19,120,150,24.074,22
24,1.92,94,19,100,100,25.499,22
24,1.87,75,20,100,98,21.447,22
26,1.56,48,19,111,99,19.723,22
12,1.72,72,19,79,55,24.337,23
12,1.79,66.8,20,112,95,20.848,23
13,1.85,93,19,80,75,27.173,23
13,1.73,49.5,19,80,70,16.539,23
13,1.75,65,20,75,,21.224,23
14,1.85,79.7,23,105,95,23.287,23
14,1.72,69,18,110,90,23.323,23
14,1.88,77,19,120,100,21.785,23
14,1.82,92.1,18,135,,27.804,23
15,1.75,75,19,90,110,24.489,23
15,1.85,75,18,90,70,21.913,23
16,1.65,54.2,19,98,,19.908,23
16,1.78,100,18,120,110,31.561,23
16,1.82,67.5,19,85,90,20.377,23
16,1.71,71.2,18,100,96,24.349,23
16,1.82,75,18,80,105,22.642,23
16,1.86,85.9,28,130,120,24.829,23
16,1.78,,23,105,90,,23
17,1.6,67.5,20,120,120,26.367,23
17,1.8,70,18,130,105,21.604,23
17,1.5,50,18,75,60,22.222,23
18,1.75,69.3,19,115,,22.628,23
18,1.7,69.9,20,99,75,24.186,23
18,1.85,72.5,19,110,110,21.183,23
18,1.7,72,19,100,100,24.913,23
18,1.75,64.5,18,80,80,21.061,23
18,1.72,88.2,18,110,110,29.813,23
18,1.8,77,18,120,90,23.765,23
19,1.78,86,19,110,105,27.143,23
19,1.77,86.5,18,110,120,27.61,23
19,1.85,99.6,19,96,96,29.101,23
19,1.72,63,19,90,80,21.295,23
19,1.83,63,20,135,,18.812,23
19,1.77,78.8,23,95,80,25.152,23
20,1.75,73,18,120,110,23.836,23
20,1.71,75,19,120,100,25.648,23
20,1.8,80,18,65,70,24.691,23
20,1.62,58,20,100,100,22.1,23
20,1.8,79,20,95,95,24.382,23
21,1.6,69,19,120,,26.953,23
21,1.9,64.5,18,96,149,17.867,23
21,1.87,87.5,19,120,90,25.022,23
21,1.93,103.1,19,101,80,27.678,23
21,1.68,64,19,120,110,22.675,23
22,1.8,70,19,90,90,21.604,23
22,1.7,55,17,125,105,19.031,23
23,1.86,80,18,95,70,23.124,23
23,1.85,85,18,65,70,24.835,23
23,1.57,,18,130,120,,23
24,1.71,72.5,18,150,80,24.793,23
