Date,Symbols,Close,High,Low,Open,Volume
2020-01-02,AMZN,94.9005,94.9005,93.2075,93.75,80718200.0
2020-01-02,GOOGL,1368.68,1368.68,1346.49,1348.41,1364265.0
2020-01-02,PFE,35.6235,35.8159,35.3834,35.7713,17214771.923973
2020-01-02,BNTX,38.5,38.5,35.36,35.75,139671.0
2020-01-02,MRNA,19.23,19.81,18.88,19.57,1229434.0
2020-01-03,AMZN,93.7485,94.31,93.225,93.225,75332080.0
2020-01-03,GOOGL,1361.52,1373.75,1347.32,1348.0,1170629.0
2020-01-03,PFE,35.4321,35.7157,35.195,35.2426,15557971.097323
2020-01-03,BNTX,40.05,41.2501,36.42,38.0,176045.0
2020-01-03,MRNA,18.89,19.36,18.72,19.02,1750976.0
2020-01-06,AMZN,95.144,95.1845,93.0,93.0,81313960.0
2020-01-06,GOOGL,1397.81,1398.32,1351.0,1351.63,2339343.0
2020-01-06,PFE,35.3874,35.4975,35.2247,35.3329,16441227.741533
2020-01-06,BNTX,44.58,45.0,40.1,40.11,333286.0
2020-01-06,MRNA,18.13,18.74,18.01,18.7,1606505.0
2020-01-07,AMZN,95.343,95.6945,94.602,95.225,82680200.0
2020-01-07,GOOGL,1395.11,1403.5,1391.56,1400.46,1726456.0
2020-01-07,PFE,35.2694,35.6136,35.2049,35.6066,20992234.740357
2020-01-07,BNTX,43.34,48.85,41.18,47.4,562383.0
2020-01-07,MRNA,17.78,18.32,17.68,18.15,1461935.0
2020-01-08,AMZN,94.5985,95.55,94.322,94.902,70239320.0
2020-01-08,GOOGL,1405.04,1411.85,1392.63,1394.82,1766274.0
2020-01-08,PFE,35.5511,35.6969,35.2694,35.2783,17099391.615109
2020-01-08,BNTX,45.1,46.33,44.18,44.3,193946.0
2020-01-08,MRNA,17.98,18.08,17.76,17.99,1041551.0
2020-01-09,AMZN,95.0525,95.891,94.79,95.4945,63499240.0
2020-01-09,GOOGL,1419.79,1428.68,1410.21,1421.93,1661438.0
2020-01-09,PFE,35.3963,35.7415,35.3051,35.7415,22903944.520107
2020-01-09,BNTX,43.27,46.71,42.71,46.55,234919.0
2020-01-09,MRNA,18.4,18.55,17.9,18.0,1531344.0
2020-01-10,AMZN,94.158,95.347,94.0,95.2685,57139180.0
2020-01-10,GOOGL,1428.96,1434.94,1419.6,1429.47,1313178.0
2020-01-10,PFE,35.9429,36.0649,35.4697,35.4797,22471558.962528
2020-01-10,BNTX,39.68,44.99,38.2101,44.99,369139.0
2020-01-10,MRNA,19.14,21.0,19.05,21.0,4504819.0
2020-01-13,AMZN,94.565,94.9,94.04,94.5655,55716880.0
2020-01-13,GOOGL,1440.03,1441.48,1425.37,1435.25,1537317.0
2020-01-13,PFE,35.8705,36.2008,35.689,36.0609,16045197.259386
2020-01-13,BNTX,37.83,41.32,35.26,41.01,459593.0
2020-01-13,MRNA,20.26,20.36,18.6,19.26,2207943.0
2020-01-14,AMZN,93.472,94.3555,92.9275,94.294,68927620.0
2020-01-14,GOOGL,1430.59,1442.63,1427.77,1440.0,1305636.0
2020-01-14,PFE,36.4716,36.4805,35.7713,35.8873,21807624.410053
2020-01-14,BNTX,34.53,35.475,33.22,35.3,266343.0
2020-01-14,MRNA,20.0,20.4979,19.55,20.45,1782859.0
2020-01-15,AMZN,93.101,93.943,92.7545,93.6125,57931840.0
2020-01-15,GOOGL,1439.2,1440.78,1431.66,1433.02,1077519.0
2020-01-15,PFE,37.0171,37.1986,36.5628,36.5797,24940213.859487
2020-01-15,BNTX,34.55,39.85,33.6,35.3,361022.0
2020-01-15,MRNA,20.24,20.58,19.94,19.94,2054963.0
2020-01-16,AMZN,93.897,94.2795,93.301,94.1495,53189860.0
2020-01-16,GOOGL,1450.16,1450.7,1440.0,1445.45,1304040.0
2020-01-16,PFE,36.9616,37.1302,36.7017,37.1262,16903901.298092
2020-01-16,BNTX,32.25,35.9,31.275,35.75,692185.0
2020-01-16,MRNA,21.01,21.87,20.77,21.68,4928102.0
2020-01-17,AMZN,93.236,94.332,92.8625,94.2945,79946800.0
2020-01-17,GOOGL,1479.52,1480.55,1456.55,1462.54,2621175.0
2020-01-17,PFE,36.8703,37.1391,36.79,36.9269,24062615.988977
2020-01-17,BNTX,33.18,33.6,30.33,33.05,615260.0
2020-01-17,MRNA,20.62,21.5,20.55,21.5,3348525.0
2020-01-21,AMZN,94.6,94.7135,93.0,93.25,74155700.0
2020-01-21,GOOGL,1482.25,1489.88,1470.21,1479.0,2446601.0
2020-01-21,PFE,36.7166,37.0082,36.5797,36.7533,24095751.017518
2020-01-21,BNTX,36.54,36.54,33.5132,33.79,264481.0
2020-01-21,MRNA,20.94,21.49,20.645,20.79,2089578.0
2020-01-22,AMZN,94.373,95.125,94.167,94.8045,64325140.0
2020-01-22,GOOGL,1484.17,1500.58,1482.66,1489.73,1422946.0
2020-01-22,PFE,36.5797,36.7801,36.3803,36.6987,18865569.187933
2020-01-22,BNTX,38.88,39.03,36.75,37.61,318222.0
2020-01-22,MRNA,21.97,23.2,21.7,22.08,10920657.0
2020-01-23,AMZN,94.229,94.499,93.638,94.2555,49692260.0
2020-01-23,GOOGL,1484.69,1493.5,1480.32,1487.55,1332562.0
2020-01-23,PFE,37.0528,37.1629,36.5241,36.6243,28299721.848158
2020-01-23,BNTX,36.7,37.55,35.31,37.21,192946.0
2020-01-23,MRNA,21.47,22.65,21.4,22.17,3663943.0
2020-01-24,AMZN,93.082,94.7495,92.372,94.5685,75323620.0
2020-01-24,GOOGL,1466.17,1494.2,1463.18,1492.82,1489280.0
2020-01-24,PFE,36.2434,37.2889,36.0728,37.2621,35591265.993676
2020-01-24,BNTX,34.99,35.9,33.5663,35.32,209687.0
2020-01-24,MRNA,21.12,21.8793,20.9,21.6,2947764.0
2020-01-27,AMZN,91.417,92.05,90.767,91.0,70570180.0
2020-01-27,GOOGL,1431.73,1436.58,1419.5,1431.54,1706566.0
2020-01-27,PFE,36.5539,36.7979,35.7237,35.8705,33319148.886721
2020-01-27,BNTX,33.2,34.535,32.75,33.24,119995.0
2020-01-27,MRNA,22.74,23.12,21.12,22.1,10294739.0
2020-01-28,AMZN,92.6625,92.9055,91.501,92.025,56160800.0
2020-01-28,GOOGL,1450.5,1454.8,1430.36,1441.74,1486586.0
2020-01-28,PFE,34.7129,35.9429,34.5403,35.7881,73178727.167711
2020-01-28,BNTX,34.22,34.83,32.6,34.04,165171.0
2020-01-28,MRNA,22.36,23.5,21.8501,23.5,5649269.0
2020-01-29,AMZN,92.9,93.7375,92.751,93.2,42027800.0
2020-01-29,GOOGL,1456.7,1464.14,1445.39,1458.46,1081964.0
2020-01-29,PFE,34.2051,34.9331,34.1773,34.6961,35628662.493165
2020-01-29,BNTX,31.8,33.95,31.74,33.95,184232.0
2020-01-29,MRNA,20.55,22.34,20.45,22.23,4675832.0
2020-01-30,AMZN,93.534,93.6435,92.5305,92.9,126548760.0
2020-01-30,GOOGL,1454.25,1455.25,1435.0,1438.1,1355472.0
2020-01-30,PFE,34.086,34.1773,33.7349,34.1118,33346031.3383
2020-01-30,BNTX,29.9,31.19,28.58,30.7,228589.0
2020-01-30,MRNA,20.99,21.74,20.8,21.05,3061810.0
2020-01-31,AMZN,100.436,102.786,100.114,102.574,311345660.0
2020-01-31,GOOGL,1432.78,1469.67,1427.06,1467.86,2191075.0
2020-01-31,PFE,34.2418,34.4332,33.9283,33.965,34973733.788804
2020-01-31,BNTX,29.21,30.95,28.5,30.36,138722.0
2020-01-31,MRNA,20.51,21.32,20.05,21.14,2833631.0
2020-02-03,AMZN,100.21,102.425,100.012,100.53,117981880.0
2020-02-03,GOOGL,1482.6,1486.3,1456.61,1461.65,3608760.0
2020-02-03,PFE,34.4907,34.9718,34.2973,34.4431,21541000.696505
2020-02-03,BNTX,30.27,30.69,28.78,29.8,177606.0
2020-02-03,MRNA,20.38,21.06,19.7,20.66,3214618.0
2020-02-04,AMZN,102.484,102.99,100.768,101.494,105786760.0
2020-02-04,GOOGL,1445.41,1467.34,1422.03,1454.49,4793967.0
2020-02-04,PFE,34.6544,35.1613,34.5988,35.0135,32143260.147719
2020-02-04,BNTX,32.92,32.92,29.17,29.17,137590.0
2020-02-04,MRNA,20.87,20.88,19.75,20.09,1824436.0
2020-02-05,AMZN,101.994,103.551,101.6,103.551,87523480.0
2020-02-05,GOOGL,1446.05,1464.58,1429.68,1463.61,1818793.0
2020-02-05,PFE,35.0948,35.4638,34.7744,34.8022,30381874.335344
2020-02-05,BNTX,29.25,34.0,28.69,34.0,405004.0
2020-02-05,MRNA,20.05,21.2,19.67,20.99,2656824.0
2020-02-06,AMZN,102.512,102.815,101.24,102.051,63659080.0
2020-02-06,GOOGL,1475.97,1481.56,1450.48,1451.98,1891079.0
2020-02-06,PFE,35.1781,35.3993,34.9678,35.3448,21718292.808629
2020-02-06,BNTX,32.93,32.93,29.68,32.0,387382.0
2020-02-06,MRNA,19.88,20.32,19.7,20.27,1929739.0
2020-02-07,AMZN,103.964,104.926,101.905,102.1,101906940.0
2020-02-07,GOOGL,1479.11,1485.25,1465.41,1467.39,1418049.0
2020-02-07,PFE,34.9867,35.3071,34.8756,35.2714,22601365.96864
2020-02-07,BNTX,30.88,32.49,30.07,31.88,166670.0
2020-02-07,MRNA,23.24,23.39,19.79,19.79,10144169.0
2020-02-10,AMZN,106.696,106.78,104.248,104.251,101124700.0
2020-02-10,GOOGL,1508.66,1508.88,1475.2,1477.23,1915072.0
2020-02-10,PFE,34.7665,35.1444,34.6832,35.1345,20635475.925894
2020-02-10,BNTX,32.12,32.15,30.11,30.99,121714.0
2020-02-10,MRNA,23.65,23.95,22.3832,23.5,9356771.0
2020-02-11,AMZN,107.54,109.297,106.8,107.545,114920220.0
2020-02-11,GOOGL,1510.06,1529.88,1505.45,1513.27,1742647.0
2020-02-11,PFE,35.0234,35.0601,34.7139,34.8389,16537857.376596
2020-02-11,BNTX,30.71,31.48,29.8,31.48,175348.0
2020-02-11,MRNA,21.35,22.74,21.28,22.09,6188339.0
2020-02-12,AMZN,108.0,109.012,107.764,108.16,66685280.0
2020-02-12,GOOGL,1518.63,1520.3,1508.67,1515.86,1552136.0
2020-02-12,PFE,34.701,35.1146,34.6832,35.0234,23675262.696431
2020-02-12,BNTX,29.56,31.0999,29.0,30.0,157673.0
2020-02-12,MRNA,19.01,19.67,18.5,19.64,19231794.0
2020-02-13,AMZN,107.494,108.514,107.1,107.249,60635820.0
2020-02-13,GOOGL,1513.39,1525.95,1504.0,1510.0,1145658.0
2020-02-13,PFE,33.9561,34.5532,33.9154,34.5532,22803706.6985
2020-02-13,BNTX,30.64,30.64,29.08,29.51,107065.0
2020-02-13,MRNA,19.045,19.8,18.89,19.36,6837002.0
2020-02-14,AMZN,106.744,107.952,106.294,107.784,52123380.0
2020-02-14,GOOGL,1518.73,1520.05,1505.55,1514.53,1159857.0
2020-02-14,PFE,33.5712,34.0573,33.4869,33.9928,21675959.37438
2020-02-14,BNTX,30.75,31.57,29.72,31.0,128689.0
2020-02-14,MRNA,19.0,19.29,18.85,19.27,5384464.0
2020-02-18,AMZN,107.784,108.304,106.206,106.251,59021400.0
2020-02-18,GOOGL,1519.44,1530.56,1511.01,1514.34,1284011.0
2020-02-18,PFE,33.3957,33.717,33.3471,33.5802,18572251.54778
2020-02-18,BNTX,31.54,31.54,30.26,30.49,66237.0
2020-02-18,MRNA,18.91,19.35,18.57,19.14,4129369.0
2020-02-19,AMZN,108.511,109.255,108.056,108.39,51223300.0
2020-02-19,GOOGL,1524.87,1530.74,1520.98,1527.2,1137338.0
2020-02-19,PFE,33.3133,33.5623,33.2955,33.4691,18316457.434639
2020-02-19,BNTX,32.25,32.29,30.75,31.5,253769.0
2020-02-19,MRNA,18.92,19.24,18.725,19.09,3148012.0
2020-02-20,AMZN,107.655,108.84,106.372,108.654,62626840.0
2020-02-20,GOOGL,1516.99,1527.07,1504.26,1519.01,1298386.0
2020-02-20,PFE,32.9622,33.1546,32.5595,32.8342,44321403.893477
2020-02-20,BNTX,32.38,32.58,31.005,31.72,152158.0
2020-02-20,MRNA,18.54,19.17,18.42,18.86,4562216.0
2020-02-21,AMZN,104.798,107.228,104.4,107.108,93014800.0
2020-02-21,GOOGL,1483.46,1510.95,1478.49,1504.58,2126843.0
2020-02-21,PFE,32.8432,32.9354,32.6696,32.8799,33458176.477949
2020-02-21,BNTX,32.35,32.46,31.27,31.8,158734.0
2020-02-21,MRNA,18.23,18.55,17.91,18.47,3696712.0
2020-02-24,AMZN,100.464,101.965,99.3985,100.159,130939940.0
2020-02-24,GOOGL,1419.86,1436.38,1406.79,1423.05,2478039.0
2020-02-24,PFE,31.879,32.5456,31.8146,32.2183,39178848.875306
2020-02-24,BNTX,30.6,31.1,29.14,30.0,148391.0
2020-02-24,MRNA,18.59,19.28,18.3,19.23,7605391.0
2020-02-25,AMZN,98.637,101.73,97.921,101.321,124381880.0
2020-02-25,GOOGL,1386.32,1436.85,1380.42,1431.0,2578966.0
2020-02-25,PFE,31.1976,31.9425,30.9952,31.8889,43212955.679448
2020-02-25,BNTX,33.44,33.96,30.0,30.0,201473.0
2020-02-25,MRNA,23.76,26.55,20.51,22.15,65001881.0
2020-02-26,AMZN,98.9795,100.734,98.0225,98.514,104808040.0
2020-02-26,GOOGL,1390.47,1413.67,1376.55,1393.36,2490178.0
2020-02-26,PFE,31.9227,32.376,31.2799,31.4823,49450720.82908
2020-02-26,BNTX,33.75,34.39,31.55,31.85,213280.0
2020-02-26,MRNA,29.16,29.98,27.08,29.05,78016785.0
2020-02-27,AMZN,94.215,98.75,94.138,96.719,162879860.0
2020-02-27,GOOGL,1314.95,1369.4,1314.24,1359.14,3114476.0
2020-02-27,PFE,31.3553,32.8342,31.3553,31.6658,57211136.667752
2020-02-27,BNTX,33.88,33.97,31.0494,31.91,112389.0
2020-02-27,MRNA,26.16,35.98,23.05,35.88,68256337.0
2020-02-28,AMZN,94.1875,94.488,90.5565,90.7295,189875940.0
2020-02-28,GOOGL,1339.25,1342.45,1268.21,1271.91,4010900.0
2020-02-28,PFE,30.7284,31.2075,29.9091,30.7929,68176820.853918
2020-02-28,BNTX,35.1,35.1,32.85,33.4,234414.0
2020-02-28,MRNA,25.93,25.95,22.015,23.38,24425125.0
2020-03-02,AMZN,97.6975,97.7255,93.5,95.476,135233020.0
2020-03-02,GOOGL,1386.32,1387.47,1325.2,1351.39,2771463.0
2020-03-02,PFE,32.0715,32.1359,30.7522,31.1797,43373507.378729
2020-03-02,BNTX,36.6,36.6,34.0,35.01,185096.0
2020-03-02,MRNA,29.88,30.75,25.21,27.0,33084026.0
2020-03-03,AMZN,95.4495,99.8165,94.4045,98.7685,150689820.0
2020-03-03,GOOGL,1337.72,1408.19,1329.24,1397.68,2830112.0
2020-03-03,PFE,31.5388,32.8997,31.1321,32.3482,47645438.942292
2020-03-03,BNTX,38.48,40.998,36.6,36.635,297978.0
2020-03-03,MRNA,27.91,28.6,26.6,27.87,17599114.0
2020-03-04,AMZN,98.7915,98.9,96.1,97.3285,95458380.0
2020-03-04,GOOGL,1381.6,1382.78,1337.0,1358.96,2379856.0
2020-03-04,PFE,33.4691,33.5236,32.1359,32.2738,39945418.641844
2020-03-04,BNTX,39.19,39.3,38.0,39.0,127114.0
2020-03-04,MRNA,27.49,28.72,26.8,27.99,11817666.0
2020-03-05,AMZN,96.2015,98.036,95.5,96.65,94964200.0
2020-03-05,GOOGL,1314.76,1353.63,1301.64,1345.55,2718982.0
2020-03-05,PFE,32.6041,33.2657,32.3244,32.7797,36214287.602217
2020-03-05,BNTX,37.12,38.06,35.64,37.71,77056.0
2020-03-05,MRNA,28.01,28.95,26.535,27.49,14669976.0
2020-03-06,AMZN,95.0545,95.5435,93.475,93.75,105471600.0
2020-03-06,GOOGL,1295.74,1302.75,1257.21,1271.5,3232315.0
2020-03-06,PFE,32.1984,32.3393,31.3722,31.9058,42235087.726373
2020-03-06,BNTX,38.09,40.9455,35.61,38.0,279233.0
2020-03-06,MRNA,29.61,29.8,27.67,27.98,21097488.0
2020-03-09,AMZN,90.0305,93.1385,88.0645,88.693,156264640.0
2020-03-09,GOOGL,1215.79,1252.73,1198.04,1204.96,3462578.0
2020-03-09,PFE,31.0409,31.8979,30.4894,30.7661,44559508.919972
2020-03-09,BNTX,33.48,35.9,32.3996,35.15,190150.0
2020-03-09,MRNA,24.29,30.0,24.16,30.0,14124076.0
2020-03-10,AMZN,94.591,94.7135,90.9085,93.544,142666200.0
2020-03-10,GOOGL,1275.17,1275.85,1214.51,1254.39,2743566.0
2020-03-10,PFE,31.8056,31.8691,30.3515,31.7868,41840044.227915
2020-03-10,BNTX,33.96,35.83,31.4522,35.08,327522.0
2020-03-10,MRNA,22.34,25.93,21.28,25.71,13019221.0
2020-03-11,AMZN,91.043,93.566,90.075,92.8925,112936620.0
2020-03-11,GOOGL,1210.9,1256.93,1191.14,1248.27,2741694.0
2020-03-11,PFE,29.5798,31.152,29.1106,31.0409,67473962.447215
2020-03-11,BNTX,32.17,34.095,31.0,33.4,118950.0
2020-03-11,MRNA,23.61,25.7491,22.5235,22.54,14825434.0
2020-03-12,AMZN,83.8305,88.25,83.75,86.099,226924280.0
2020-03-12,GOOGL,1111.55,1188.75,1108.47,1122.62,4716293.0
2020-03-12,PFE,27.6019,29.4231,27.585,28.0255,64729825.179216
2020-03-12,BNTX,28.55,30.395,28.0,28.99,184055.0
2020-03-12,MRNA,22.3,24.28,21.9,22.8997,11305347.0
2020-03-13,AMZN,89.25,89.3155,84.031,87.75,176194500.0
2020-03-13,GOOGL,1214.27,1214.4,1112.29,1174.99,3969973.0
2020-03-13,PFE,30.0767,30.2325,27.7953,28.7515,62482046.948916
2020-03-13,BNTX,30.93,31.98,29.19,30.0,197649.0
2020-03-13,MRNA,21.3,23.47,19.31,23.0,11853052.0
2020-03-16,AMZN,84.4575,87.9726,81.3016,82.0755,178345300.0
2020-03-16,GOOGL,1073.0,1145.47,1067.0801,1089.61,4825981.0
2020-03-16,PFE,27.7497,29.6849,27.2617,27.5295,52619571.595535
2020-03-16,BNTX,40.0,52.8,38.0,49.36,1935943.0
2020-03-16,MRNA,26.49,27.8,22.22,23.76,39850785.0
2020-03-17,AMZN,90.392,92.8888,84.462,88.7735,218342580.0
2020-03-17,GOOGL,1118.06,1126.0,1049.1,1090.64,4159686.0
2020-03-17,PFE,29.5709,30.0202,28.1256,29.0937,55947840.895115
2020-03-17,BNTX,66.6,76.0,56.01,65.0,2939806.0
2020-03-17,MRNA,28.18,32.7,27.3148,29.36,44484144.0
2020-03-18,AMZN,91.5,92.083,87.25,87.5,192904360.0
2020-03-18,GOOGL,1091.19,1104.99,1037.0,1059.94,4652238.0
2020-03-18,PFE,29.7553,29.9845,27.8687,28.2923,45282960.907715
2020-03-18,BNTX,92.0,105.0,82.2086,90.39,3026999.0
2020-03-18,MRNA,31.58,32.54,26.55,27.13,28702290.0
2020-03-19,AMZN,94.0465,97.25,91.6325,93.0,207998860.0
2020-03-19,GOOGL,1111.67,1152.61,1055.55,1088.22,3703248.0
2020-03-19,PFE,27.9699,29.6542,27.593,29.6244,61726540.674732
2020-03-19,BNTX,59.3,83.3289,59.0,83.2,1598524.0
2020-03-19,MRNA,28.27,34.98,25.19,32.78,36952753.0
2020-03-20,AMZN,92.3045,97.85,91.0365,96.3155,196357000.0
2020-03-20,GOOGL,1068.21,1138.4783,1062.1,1130.9,4143897.0
2020-03-20,PFE,26.6735,28.201,26.5812,27.8429,54161046.553688
2020-03-20,BNTX,46.5,55.0,43.66,54.95,1173967.0
2020-03-20,MRNA,28.2,30.23,26.2,29.25,16522449.0
2020-03-23,AMZN,95.1415,95.97,90.6,91.3875,156169780.0
2020-03-23,GOOGL,1054.13,1066.91,1008.87,1056.37,4183629.0
2020-03-23,PFE,26.1954,27.1992,25.6359,26.4443,54536744.566927
2020-03-23,BNTX,51.31,59.98,50.31,59.0,994200.0
2020-03-23,MRNA,26.57,29.81,26.25,28.71,11080845.0
2020-03-24,AMZN,97.005,97.75,95.017,97.5748,142941600.0
2020-03-24,GOOGL,1130.01,1133.33,1086.43,1103.98,3623435.0
2020-03-24,PFE,27.3093,27.6297,26.5723,27.1337,45883331.290977
2020-03-24,BNTX,53.64,58.99,48.02,58.9,579733.0
2020-03-24,MRNA,25.82,27.25,24.36,27.09,12550494.0
2020-03-25,AMZN,94.292,97.513,94.289,96.0345,129581460.0
2020-03-25,GOOGL,1101.62,1146.17,1083.01,1124.58,4516162.0
2020-03-25,PFE,27.3529,28.2457,26.6655,27.1248,46022094.74561
2020-03-25,BNTX,47.2,53.685,47.2,53.63,333373.0
2020-03-25,MRNA,27.13,27.98,24.79,25.0,9651543.0
2020-03-26,AMZN,97.7745,97.8245,94.4645,95.1,124702360.0
2020-03-26,GOOGL,1162.92,1171.48,1092.03,1114.72,3834422.0
2020-03-26,PFE,29.1939,29.4141,27.474,27.4839,44659138.824148
2020-03-26,BNTX,55.0,55.75,50.0,52.0,472542.0
2020-03-26,MRNA,27.94,28.79,27.56,27.56,5585886.0
2020-03-27,AMZN,95.005,96.9895,94.996,96.543,107757940.0
2020-03-27,GOOGL,1110.26,1151.05,1104.0027,1127.47,3139661.0
2020-03-27,PFE,28.4123,29.184,28.1911,28.3191,39510148.75297
2020-03-27,BNTX,55.0,55.4,51.32,54.83,246275.0
2020-03-27,MRNA,30.05,31.09,27.95,28.37,12408297.0
2020-03-30,AMZN,98.1975,98.6815,95.617,96.1415,122521740.0
2020-03-30,GOOGL,1146.31,1151.0,1098.4901,1132.64,2936827.0
2020-03-30,PFE,30.04,30.2007,28.5492,28.5492,30897421.586091
2020-03-30,BNTX,62.0,64.45,59.04,60.0,591215.0
2020-03-30,MRNA,30.48,31.69,28.27,30.59,10749923.0
2020-03-31,AMZN,97.486,99.651,97.2005,98.2175,102472520.0
2020-03-31,GOOGL,1161.95,1173.4,1136.72,1148.73,3263971.0
2020-03-31,PFE,30.0103,30.3416,29.6393,29.7911,30408137.779787
2020-03-31,BNTX,58.4,62.0,57.0,59.86,243388.0
2020-03-31,MRNA,29.95,30.98,29.2,30.6,6027880.0
2020-04-01,AMZN,95.385,97.248,94.65,96.6485,82437500.0
2020-04-01,GOOGL,1102.1,1129.42,1093.49,1124.0,2598519.0
2020-04-01,PFE,29.1939,29.681,28.9916,29.3497,27560457.958275
2020-04-01,BNTX,52.92,58.195,52.48,56.35,259110.0
2020-04-01,MRNA,29.67,30.94,29.44,30.05,7004587.0
2020-04-02,AMZN,95.9415,96.3763,94.5,95.082,86719700.0
2020-04-02,GOOGL,1117.03,1122.77,1093.13,1100.0,2820534.0
2020-04-02,PFE,30.2235,30.3416,29.1939,29.3308,28052962.819624
2020-04-02,BNTX,56.91,56.93,53.0,55.5,245896.0
2020-04-02,MRNA,33.2,33.39,29.84,30.6,15934404.0
2020-04-03,AMZN,95.3295,96.3165,94.4575,95.5575,72197400.0
2020-04-03,GOOGL,1092.7,1118.79,1075.08,1114.71,2568694.0
2020-04-03,PFE,30.9318,31.1619,30.0013,30.0013,33883391.029413
2020-04-03,BNTX,52.75,57.98,52.01,57.98,227301.0
2020-04-03,MRNA,34.84,35.66,32.72,32.81,16896224.0
2020-04-06,AMZN,99.8795,99.926,96.501,96.8,115463620.0
2020-04-06,GOOGL,1183.19,1190.7547,1125.0,1133.0,3165991.0
2020-04-06,PFE,31.7868,32.0903,31.0607,31.1887,41793446.298253
2020-04-06,BNTX,52.73,55.6,52.4,55.5,331184.0
2020-04-06,MRNA,34.64,35.185,33.33,34.91,10841594.0
2020-04-07,AMZN,100.58,101.786,99.881,100.855,102279660.0
2020-04-07,GOOGL,1182.56,1220.775,1177.25,1217.01,3080955.0
2020-04-07,PFE,30.903,32.3393,30.8851,32.1816,24998097.075591
2020-04-07,BNTX,45.6,50.2,44.0,50.0,1461724.0
2020-04-07,MRNA,32.02,34.03,30.9801,33.81,10104337.0
2020-04-08,AMZN,102.15,102.2,100.558,101.05,79546260.0
2020-04-08,GOOGL,1207.0,1214.9,1183.954,1203.1,2016713.0
2020-04-08,PFE,31.8146,31.999,30.7482,31.2531,26337049.835993
2020-04-08,BNTX,44.95,48.1,44.5101,48.1,819781.0
2020-04-08,MRNA,32.42,32.94,31.7501,32.36,4119844.0
2020-04-09,AMZN,102.138,102.65,100.883,102.215,93112340.0
2020-04-09,GOOGL,1206.57,1221.99,1192.4166,1218.18,2701423.0
2020-04-09,PFE,32.5406,32.8868,32.0437,32.2083,31693434.517766
2020-04-09,BNTX,45.41,53.0,45.0,52.01,1483016.0
2020-04-09,MRNA,31.86,32.92,31.32,32.55,4861753.0
2020-04-13,AMZN,108.444,109.0,101.9,102.0,134334180.0
2020-04-13,GOOGL,1210.41,1214.5199,1182.3318,1201.5,1935128.0
2020-04-13,PFE,32.3095,33.0822,31.9227,33.0634,18852156.694559
2020-04-13,BNTX,41.71,46.39,41.0,46.02,880706.0
2020-04-13,MRNA,32.9,32.98,31.71,32.0,5603883.0
2020-04-14,AMZN,114.166,114.6,109.31,110.023,161743860.0
2020-04-14,GOOGL,1265.23,1275.7499,1228.5413,1239.9735,3167862.0
2020-04-14,PFE,33.5048,33.6803,32.4881,33.0356,22541236.583321
2020-04-14,BNTX,41.63,43.98,41.4,43.82,863881.0
2020-04-14,MRNA,34.66,34.99,33.15,34.0,8126897.0
2020-04-15,AMZN,115.384,116.668,112.25,112.884,137331340.0
2020-04-15,GOOGL,1257.3,1275.1099,1234.0,1246.51,2111842.0
2020-04-15,PFE,33.0723,33.3133,32.7142,33.1546,21991146.919731
2020-04-15,BNTX,38.58,41.24,38.13,40.9,980625.0
2020-04-15,MRNA,37.25,38.45,33.72,34.64,15682994.0
2020-04-16,AMZN,120.41,123.05,116.75,117.3,240764020.0
2020-04-16,GOOGL,1257.43,1273.3586,1238.2,1267.14,2894757.0
2020-04-16,PFE,32.991,33.3401,32.7093,33.2122,21315484.500794
2020-04-16,BNTX,38.79,39.26,37.0,38.76,849364.0
2020-04-16,MRNA,40.6,41.55,36.62,38.0735,20670718.0
2020-04-17,AMZN,118.75,120.0,115.801,118.616,158600200.0
2020-04-17,GOOGL,1279.0,1290.0,1266.0,1281.7,2552824.0
2020-04-17,PFE,33.9372,34.0206,33.2032,33.5623,25182272.869672
2020-04-17,BNTX,40.81,41.7069,38.8753,40.3,1008282.0
2020-04-17,MRNA,46.85,49.0,43.38,48.99,32285976.0
2020-04-20,AMZN,119.681,122.249,119.303,119.497,115413880.0
2020-04-20,GOOGL,1261.15,1276.82,1256.44,1269.89,1764608.0
2020-04-20,PFE,33.1745,33.9372,33.1745,33.4512,23248305.04507
2020-04-20,BNTX,43.37,45.9,41.0,41.49,1278759.0
2020-04-20,MRNA,51.69,54.95,44.51,45.0,34102467.0
2020-04-21,AMZN,116.406,121.415,113.983,120.83,149533580.0
2020-04-21,GOOGL,1212.16,1250.0,1205.0,1242.71,2482404.0
2020-04-21,PFE,32.7519,33.0356,32.5228,32.8997,24739043.597516
2020-04-21,BNTX,42.26,45.9,39.8,45.27,1507269.0
2020-04-21,MRNA,49.26,56.38,43.11,53.0,39641959.0
2020-04-22,AMZN,118.174,119.7,117.55,118.45,84365900.0
2020-04-22,GOOGL,1258.41,1279.88,1237.2,1241.11,2315792.0
2020-04-22,PFE,33.3312,34.0206,33.2122,33.9849,20829157.612941
2020-04-22,BNTX,53.5,55.85,45.2,54.44,10871099.0
2020-04-22,MRNA,51.2,51.82,49.06,50.61,11690439.0
2020-04-23,AMZN,119.972,121.211,119.104,119.999,101331040.0
2020-04-23,GOOGL,1271.17,1288.15,1260.5301,1265.74,1710122.0
2020-04-23,PFE,33.7349,34.3886,33.358,33.358,20828412.586438
2020-04-23,BNTX,50.0,58.0,49.22,58.0,4271168.0
2020-04-23,MRNA,47.44,50.7,46.89,49.1,15152351.0
2020-04-24,AMZN,120.511,121.022,119.1,120.85,76635940.0
2020-04-24,GOOGL,1276.6,1277.71,1244.0,1255.0,1872004.0
2020-04-24,PFE,34.3717,34.4144,33.8222,33.8728,17912422.202237
2020-04-24,BNTX,47.75,51.49,47.6,51.24,1832381.0
2020-04-24,MRNA,50.5,50.5,47.1416,47.15,11712457.0
2020-04-27,AMZN,118.8,122.244,118.15,122.16,112912900.0
2020-04-27,GOOGL,1270.86,1294.1,1265.06,1292.0,2209333.0
2020-04-27,PFE,35.2446,35.436,34.5443,34.5631,24139281.131686
2020-04-27,BNTX,49.4,50.25,48.16,48.89,1183326.0
2020-04-27,MRNA,48.05,51.7,47.3,51.53,13744397.0
2020-04-28,AMZN,115.704,118.675,115.3,118.605,105388920.0
2020-04-28,GOOGL,1232.59,1284.76,1230.38,1283.2,4035007.0
2020-04-28,PFE,34.8577,36.0619,34.3667,35.9062,36802945.241341
2020-04-28,BNTX,45.83,48.98,44.8,48.6,1511199.0
2020-04-28,MRNA,47.88,50.45,47.17,50.4,13067207.0
2020-04-29,AMZN,118.636,119.594,115.5,116.501,91831860.0
2020-04-29,GOOGL,1342.18,1360.15,1326.73,1345.0,5417888.0
2020-04-29,PFE,35.0512,35.4459,34.6742,35.3626,27363269.908333
2020-04-29,BNTX,49.25,49.7,46.13,48.0,1766385.0
2020-04-29,MRNA,46.37,46.9497,45.01,46.6,11761966.0
2020-04-30,AMZN,123.7,123.75,119.801,120.992,190692220.0
2020-04-30,GOOGL,1346.7,1350.0,1321.5,1331.36,2792124.0
2020-04-30,PFE,35.2714,35.4092,34.3519,34.9401,30389133.05094
2020-04-30,BNTX,47.48,49.22,46.02,49.21,1034115.0
2020-04-30,MRNA,45.99,48.37,45.82,46.78,7741871.0
2020-05-01,AMZN,114.302,118.122,112.91,116.84,195452100.0
2020-05-01,GOOGL,1317.32,1351.43,1309.66,1324.09,2443554.0
2020-05-01,PFE,34.6088,34.8845,34.3757,34.8022,23402385.397766
2020-05-01,BNTX,45.11,46.99,43.0,46.0,874577.0
2020-05-01,MRNA,47.93,50.45,46.29,48.71,21701291.0
2020-05-04,AMZN,115.8,116.349,112.819,112.819,97318520.0
2020-05-04,GOOGL,1322.9,1324.47,1296.01,1308.13,1540347.0
2020-05-04,PFE,34.5909,34.8667,34.3975,34.5731,20527230.329567
2020-05-04,BNTX,45.78,47.4699,44.36,45.2,784856.0
2020-05-04,MRNA,50.5,50.5,48.0,48.05,10460549.0
2020-05-05,AMZN,115.89,117.55,115.356,117.0,64849920.0
2020-05-05,GOOGL,1349.02,1371.01,1335.03,1337.5,1983318.0
2020-05-05,PFE,35.4092,35.7306,35.1861,35.685,24892419.249906
2020-05-05,BNTX,50.0,50.375,47.706,48.41,2604789.0
2020-05-05,MRNA,49.34,50.96,47.23,50.48,11160180.0
2020-05-06,AMZN,117.563,117.872,116.0,116.472,62356280.0
2020-05-06,GOOGL,1345.43,1368.69,1345.13,1358.0,1586629.0
2020-05-06,PFE,35.4092,35.8695,35.4092,35.8308,24813500.880898
2020-05-06,BNTX,47.78,50.2,47.5,50.14,889765.0
2020-05-06,MRNA,48.95,49.25,47.5201,48.45,6692345.0
2020-05-07,AMZN,118.381,118.8,117.156,118.739,67928220.0
2020-05-07,GOOGL,1369.28,1375.9999,1352.5406,1361.31,1535819.0
2020-05-07,PFE,34.3211,35.7425,34.2576,35.6701,34273192.122162
2020-05-07,BNTX,49.32,49.5,48.35,49.26,816587.0
2020-05-07,MRNA,53.19,55.99,51.06,55.78,30942700.0
2020-05-08,AMZN,118.98,119.362,117.85,118.607,64224560.0
2020-05-08,GOOGL,1384.34,1396.64,1372.01,1381.82,1666487.0
2020-05-08,PFE,34.5641,34.7119,34.3965,34.5919,20332685.661888
2020-05-08,BNTX,49.24,49.888,48.2076,49.16,697927.0
2020-05-08,MRNA,59.25,59.88,52.15,53.06,24135545.0
2020-05-11,AMZN,120.45,120.983,118.606,118.735,65184620.0
2020-05-11,GOOGL,1403.59,1415.53,1375.5,1376.79,1635856.0
2020-05-11,PFE,35.3825,35.4836,34.5066,34.5919,26175743.028659
2020-05-11,BNTX,49.98,50.79,47.9135,49.61,1887374.0
2020-05-11,MRNA,66.9,67.67,59.1401,59.6,34852044.0
2020-05-12,AMZN,117.848,120.95,117.75,120.592,61498320.0
2020-05-12,GOOGL,1375.18,1414.33,1374.51,1408.22,1695874.0
2020-05-12,PFE,34.6941,35.5114,34.6762,35.3993,19754385.806658
2020-05-12,BNTX,49.33,52.12,49.2,50.4,1910229.0
2020-05-12,MRNA,62.35,68.49,62.02,65.99,25934464.0
2020-05-13,AMZN,118.396,120.385,116.89,118.34,95658380.0
2020-05-13,GOOGL,1348.33,1385.33,1328.01,1376.16,2018404.0
2020-05-13,PFE,34.4054,34.7546,33.9749,34.6465,25129967.774873
2020-05-13,BNTX,48.49,50.89,47.43,50.5,1468785.0
2020-05-13,MRNA,65.18,66.97,60.29,63.8003,22125959.0
2020-05-14,AMZN,119.442,119.568,117.66,118.051,72962560.0
2020-05-14,GOOGL,1356.86,1357.37,1323.3,1333.52,1833017.0
2020-05-14,PFE,35.2138,35.2525,34.1545,34.1743,22847175.315216
2020-05-14,BNTX,48.66,49.08,45.08,48.56,1099108.0
2020-05-14,MRNA,64.56,65.39,61.44,64.79,12198249.0
2020-05-15,AMZN,120.489,120.55,117.818,118.426,84699020.0
2020-05-15,GOOGL,1373.06,1374.58,1339.0,1348.26,2077199.0
2020-05-15,PFE,35.066,35.4459,34.7169,35.2525,26011814.010316
2020-05-15,BNTX,49.49,49.74,48.2,48.51,793829.0
2020-05-15,MRNA,66.69,67.67,63.01,63.79,16341869.0
2020-05-18,AMZN,121.313,121.65,119.2,120.217,87331440.0
2020-05-18,GOOGL,1385.18,1392.76,1354.2,1361.58,2356449.0
2020-05-18,PFE,35.3537,35.7157,34.945,35.6046,23129734.933963
2020-05-18,BNTX,60.17,60.43,50.6,54.74,5017200.0
2020-05-18,MRNA,80.0,87.0,75.66,86.14,81209374.0
2020-05-19,AMZN,122.466,124.25,121.448,121.492,86409960.0
2020-05-19,GOOGL,1374.4,1392.49,1373.76,1385.48,1579250.0
2020-05-19,PFE,34.9907,35.3061,34.6465,35.1504,19898315.047224
2020-05-19,BNTX,50.59,57.94,49.95,57.0,3612127.0
2020-05-19,MRNA,71.67,79.75,70.32,78.07,64932254.0
2020-05-20,AMZN,124.897,125.001,123.364,123.893,79962860.0
2020-05-20,GOOGL,1409.16,1412.026,1387.4193,1389.16,1913133.0
2020-05-20,PFE,34.945,35.4747,34.8667,35.2426,17883628.288884
2020-05-20,BNTX,53.04,53.72,51.62,53.21,1979349.0
2020-05-20,MRNA,73.47,74.48,67.41,70.01,53655278.0
2020-05-21,AMZN,122.337,126.272,122.127,125.0,102288060.0
2020-05-21,GOOGL,1406.75,1416.46,1394.39,1410.99,1544976.0
2020-05-21,PFE,34.5998,34.9629,34.4054,34.8895,18034769.869918
2020-05-21,BNTX,51.9,54.2,51.145,54.1,1094305.0
2020-05-21,MRNA,67.05,73.16,65.31,73.05,35317971.0
2020-05-22,AMZN,121.844,123.492,121.506,122.751,57341580.0
2020-05-22,GOOGL,1413.24,1417.0,1395.95,1403.9,1427206.0
2020-05-22,PFE,34.823,34.8528,34.3211,34.463,16123297.00658
2020-05-22,BNTX,51.03,52.61,50.76,52.15,941557.0
2020-05-22,MRNA,69.0,70.6,67.14,69.93,28912678.0
2020-05-26,AMZN,121.093,123.1,120.703,122.9,71363060.0
2020-05-26,GOOGL,1421.37,1445.11,1419.395,1441.96,2229488.0
2020-05-26,PFE,34.8151,35.1672,34.7774,34.9629,23764216.239751
2020-05-26,BNTX,50.88,52.55,49.34,52.4,1511429.0
2020-05-26,MRNA,57.71,66.59,57.05,66.4,40332555.0
2020-05-27,AMZN,120.52,120.679,116.5,120.249,101138900.0
2020-05-27,GOOGL,1420.28,1425.345,1394.6,1420.0,1584185.0
2020-05-27,PFE,34.7407,34.8617,34.331,34.7407,26465572.452706
2020-05-27,BNTX,47.59,50.22,46.3,49.53,1810218.0
2020-05-27,MRNA,52.18,53.34,46.1301,51.2,59514749.0
2020-05-28,AMZN,120.055,121.848,118.912,119.216,63862720.0
2020-05-28,GOOGL,1418.24,1444.46,1399.076,1400.0,1759787.0
2020-05-28,PFE,35.4549,35.6969,35.0283,35.1414,23013283.964548
2020-05-28,BNTX,46.87,50.11,46.753,48.34,1110358.0
2020-05-28,MRNA,55.54,59.11,53.35,53.5,32308594.0
2020-05-29,AMZN,122.118,122.118,119.91,120.797,70586580.0
2020-05-29,GOOGL,1433.52,1436.73,1415.98,1420.43,1852522.0
2020-05-29,PFE,35.4648,35.688,34.8984,35.5392,49692383.634372
2020-05-29,BNTX,49.53,49.53,47.16,48.19,760747.0
2020-05-29,MRNA,61.5,61.65,56.56,57.45,38224872.0
2020-06-01,AMZN,123.552,123.846,122.208,122.4,58760640.0
2020-06-01,GOOGL,1434.87,1441.58,1422.28,1425.7,1259254.0
2020-06-01,PFE,32.9295,33.1804,32.4196,32.9662,78615999.145098
2020-06-01,BNTX,52.3,53.21,49.54,50.0,1275816.0
2020-06-01,MRNA,62.18,63.9,60.51,62.76,21257477.0
2020-06-02,AMZN,123.62,123.676,122.266,123.35,50598060.0
2020-06-02,GOOGL,1442.31,1443.0,1421.61,1435.0,1172069.0
2020-06-02,PFE,33.5802,33.5802,32.7341,32.9949,43616146.078007
2020-06-02,BNTX,52.38,52.85,50.1,51.98,688618.0
2020-06-02,MRNA,59.87,59.95,55.3553,58.7,21701140.0
2020-06-03,AMZN,123.92,124.4,123.059,123.401,53420480.0
2020-06-03,GOOGL,1439.25,1449.01,1431.62,1442.7,1386640.0
2020-06-03,PFE,33.5802,33.8123,33.0048,33.7012,39591942.379879
2020-06-03,BNTX,51.16,52.23,49.54,51.85,1379875.0
2020-06-03,MRNA,59.89,63.37,57.1,57.51,20811530.0
2020-06-04,AMZN,123.03,125.377,122.501,123.872,58974200.0
2020-06-04,GOOGL,1414.3,1441.32,1406.01,1436.78,1349105.0
2020-06-04,PFE,33.4403,33.7012,33.1507,33.1606,27598873.702412
2020-06-04,BNTX,50.0,51.86,49.7,50.45,623630.0
2020-06-04,MRNA,60.59,61.93,58.52,61.61,13503951.0
2020-06-05,AMZN,124.15,124.432,121.857,122.226,66128900.0
2020-06-05,GOOGL,1440.02,1446.3,1407.6213,1415.64,2132350.0
2020-06-05,PFE,33.4214,33.8857,33.3213,33.6545,37501275.016036
2020-06-05,BNTX,49.18,50.23,48.5,49.8,769047.0
2020-06-05,MRNA,58.19,59.19,56.63,58.49,14677935.0
2020-06-08,AMZN,126.203,126.5,124.367,125.01,79413080.0
2020-06-08,GOOGL,1448.04,1449.0,1424.48,1426.28,1693881.0
2020-06-08,PFE,33.9799,33.9888,33.1338,33.2439,30848593.617693
2020-06-08,BNTX,48.78,49.241,47.42,49.22,1142624.0
2020-06-08,MRNA,59.1,59.38,56.72,58.3,11249314.0
2020-06-09,AMZN,130.043,131.322,126.25,126.472,103519000.0
2020-06-09,GOOGL,1452.08,1467.8,1442.36,1445.24,1681155.0
2020-06-09,PFE,33.6258,34.0424,33.5891,33.8956,22144884.499746
2020-06-09,BNTX,47.79,48.1,46.87,47.8,970354.0
2020-06-09,MRNA,58.23,59.405,57.73,58.55,7600166.0
2020-06-10,AMZN,132.372,136.118,131.313,132.25,98920620.0
2020-06-10,GOOGL,1464.7,1472.77,1454.355,1461.51,1588116.0
2020-06-10,PFE,33.356,33.849,33.3292,33.7647,30197803.389377
2020-06-10,BNTX,47.41,47.999,46.55,47.8,913133.0
2020-06-10,MRNA,60.07,60.72,58.6,58.8,11074361.0
2020-06-11,AMZN,127.898,133.569,126.812,130.175,116002140.0
2020-06-11,GOOGL,1401.9,1451.6033,1398.41,1441.03,2357243.0
2020-06-11,PFE,30.9238,33.1338,30.905,33.0584,64535719.058937
2020-06-11,BNTX,48.6,49.19,47.0701,49.0,1324844.0
2020-06-11,MRNA,60.2,66.6867,58.77,62.95,32085168.0
2020-06-12,AMZN,127.251,131.074,125.167,130.06,108722540.0
2020-06-12,GOOGL,1412.92,1434.505,1385.8,1425.86,1833756.0
2020-06-12,PFE,31.3424,31.6707,30.6858,31.6469,38723997.592956
2020-06-12,BNTX,48.58,49.44,47.01,49.37,859123.0
2020-06-12,MRNA,62.0,63.63,60.29,62.355,14742913.0
2020-06-15,AMZN,128.634,129.2,125.4,126.33,77466700.0
2020-06-15,GOOGL,1420.74,1425.0,1387.1952,1389.49,1527652.0
2020-06-15,PFE,30.9794,31.3117,30.4229,30.9238,37033115.080273
2020-06-15,BNTX,50.85,51.17,48.29,48.72,1091088.0
2020-06-15,MRNA,66.57,66.98,63.424,65.9,19339289.0
2020-06-16,AMZN,130.764,131.0,128.8,131.0,71912980.0
2020-06-16,GOOGL,1446.47,1457.17,1428.99,1449.0,1534826.0
2020-06-16,PFE,31.0161,31.5368,30.3842,31.1926,56822444.545441
2020-06-16,BNTX,49.9,51.5,49.09,51.0,901709.0
2020-06-16,MRNA,64.34,66.6,62.6,66.31,16537847.0
2020-06-17,AMZN,132.049,132.75,131.591,132.375,59186320.0
2020-06-17,GOOGL,1452.54,1462.2,1435.125,1452.94,1530500.0
2020-06-17,PFE,31.1649,31.3563,30.9387,31.1926,28106051.250815
2020-06-17,BNTX,50.85,51.5,49.5001,49.75,723069.0
2020-06-17,MRNA,63.31,65.88,62.58,63.6,13615975.0
2020-06-18,AMZN,132.699,132.982,131.806,132.35,49755480.0
2020-06-18,GOOGL,1434.12,1452.9699,1426.235,1449.85,1743071.0
2020-06-18,PFE,30.8683,31.0825,30.6272,30.896,32978508.453501
2020-06-18,BNTX,50.94,51.59,49.83,49.86,691521.0
2020-06-18,MRNA,64.95,65.4,62.58,63.03,10914379.0
2020-06-19,AMZN,133.751,134.872,132.95,133.904,115539260.0
2020-06-19,GOOGL,1424.64,1444.5,1419.0,1440.0,2639167.0
2020-06-19,PFE,31.0349,31.3325,30.7522,31.2859,44879693.88938
2020-06-19,BNTX,51.36,51.58,49.91,50.9,735797.0
2020-06-19,MRNA,66.35,66.45,64.01,64.99,16076734.0
2020-06-22,AMZN,135.691,135.75,133.45,134.225,64175600.0
2020-06-22,GOOGL,1450.66,1450.95,1419.19,1425.01,1472072.0
2020-06-22,PFE,30.7482,30.9794,30.5608,30.9516,23838247.073592
2020-06-22,BNTX,57.45,58.9,51.85,51.95,2678243.0
2020-06-22,MRNA,64.75,66.29,62.12,65.92,13586383.0
2020-06-23,AMZN,138.22,139.156,135.902,136.301,84634140.0
2020-06-23,GOOGL,1463.98,1475.2,1445.0,1452.0,1887583.0
2020-06-23,PFE,30.4328,30.8762,30.4041,30.8316,38507340.054738
2020-06-23,BNTX,52.75,56.0,51.52,55.62,2142192.0
2020-06-23,MRNA,62.94,65.08,62.74,64.1,12361339.0
2020-06-24,AMZN,136.72,139.8,136.05,139.0,90532100.0
2020-06-24,GOOGL,1432.7,1475.79,1430.0,1463.28,1579579.0
2020-06-24,PFE,29.8912,30.3941,29.7147,30.3753,31485634.628884
2020-06-24,BNTX,54.73,55.35,51.8101,53.0,1344482.0
2020-06-24,MRNA,64.84,66.1559,63.14,63.23,14377115.0
2020-06-25,AMZN,137.729,137.812,135.607,136.978,59373140.0
2020-06-25,GOOGL,1441.1,1442.32,1419.5401,1431.22,1197907.0
2020-06-25,PFE,30.0123,30.0708,29.558,29.8168,28012922.937872
2020-06-25,BNTX,59.71,59.92,53.5201,54.51,2406358.0
2020-06-25,MRNA,62.0,67.0,58.51,67.0,26905664.0
2020-06-26,AMZN,134.644,139.128,134.4,138.753,130015680.0
2020-06-26,GOOGL,1362.54,1437.02,1355.0,1432.63,4882014.0
2020-06-26,PFE,29.7544,29.9775,29.3546,29.9488,43067693.658046
2020-06-26,BNTX,62.13,63.37,56.5,56.63,2830723.0
2020-06-26,MRNA,61.28,62.29,59.14,60.71,13866283.0
2020-06-29,AMZN,134.019,134.84,131.504,134.501,84468440.0
2020-06-29,GOOGL,1397.17,1398.0,1351.65,1360.34,2253678.0
2020-06-29,PFE,30.3118,30.3376,29.9002,30.1442,24475538.107209
2020-06-29,BNTX,65.8,71.38,64.12,65.68,4011359.0
2020-06-29,MRNA,62.08,63.0,59.4,61.82,8074205.0
2020-06-30,AMZN,137.941,138.482,133.752,134.253,75393720.0
2020-06-30,GOOGL,1418.05,1424.0,1386.9301,1396.88,2014320.0
2020-06-30,PFE,30.3654,30.535,29.9299,30.2087,26003364.663731
2020-06-30,BNTX,66.74,68.25,62.2197,66.16,1979059.0
2020-06-30,MRNA,64.21,65.159,61.8,62.18,11955169.0
2020-07-01,AMZN,143.935,144.75,137.7,137.9,127268780.0
2020-07-01,GOOGL,1442.0,1448.48,1414.18,1419.17,2109124.0
2020-07-01,PFE,31.3325,32.0754,31.3136,32.0754,75096177.381712
2020-07-01,BNTX,64.14,79.38,62.3,77.7,9879256.0
2020-07-01,MRNA,61.59,63.73,59.12,63.0,17916470.0
2020-07-02,AMZN,144.515,147.778,143.555,145.6,131867740.0
2020-07-02,GOOGL,1469.93,1488.52,1451.065,1451.84,2860915.0
2020-07-02,PFE,32.0467,32.3601,31.6122,32.1498,46252129.491779
2020-07-02,BNTX,63.27,69.3899,62.73,68.245,3926512.0
2020-07-02,MRNA,58.57,61.8,55.8097,60.0,26544378.0
2020-07-06,AMZN,152.852,152.994,146.5,146.748,137612840.0
2020-07-06,GOOGL,1499.65,1510.0,1476.976,1488.15,2235630.0
2020-07-06,PFE,32.0467,32.492,31.9256,32.4563,27739462.925649
2020-07-06,BNTX,65.51,66.9,64.33,65.59,1649445.0
2020-07-06,MRNA,59.15,60.73,57.1,58.55,9977316.0
2020-07-07,AMZN,150.006,153.478,149.5,152.928,105150280.0
2020-07-07,GOOGL,1489.92,1521.32,1489.7,1496.13,2118194.0
2020-07-07,PFE,31.6023,31.8999,31.5319,31.6211,25693050.539379
2020-07-07,BNTX,69.34,70.89,63.51,64.0,2264397.0
2020-07-07,MRNA,61.09,61.5,57.44,58.8,8904341.0
2020-07-08,AMZN,154.056,154.198,150.622,151.13,100752700.0
2020-07-08,GOOGL,1503.6,1511.17,1492.3,1500.8,1588292.0
2020-07-08,PFE,31.3424,31.9167,31.1748,31.5824,24782322.681103
2020-07-08,BNTX,67.56,68.58,66.46,67.21,1449603.0
2020-07-08,MRNA,61.58,62.46,59.45,60.79,7590861.0
2020-07-09,AMZN,159.132,159.694,153.7,155.8,127773180.0
2020-07-09,GOOGL,1518.66,1529.1412,1495.59,1509.93,2091833.0
2020-07-09,PFE,31.0726,31.4614,30.7393,31.3236,20805118.158304
2020-07-09,BNTX,65.61,68.0,64.51,66.61,1186732.0
2020-07-09,MRNA,64.97,65.35,58.88,62.09,20646142.0
2020-07-10,AMZN,160.0,160.75,156.785,159.588,109719640.0
2020-07-10,GOOGL,1539.01,1541.34,1500.72,1513.25,1796063.0
2020-07-10,PFE,31.4158,31.6122,31.0954,31.2581,24989195.067436
2020-07-10,BNTX,70.36,71.2899,67.0,67.0,2874259.0
2020-07-10,MRNA,62.61,64.93,62.32,64.65,7407545.0
2020-07-13,AMZN,155.2,167.214,153.42,162.553,154408400.0
2020-07-13,GOOGL,1512.23,1576.36,1506.56,1549.94,2147728.0
2020-07-13,PFE,32.6974,33.1705,32.0556,32.252,57795213.250811
2020-07-13,BNTX,77.78,84.89,75.75,78.47,8529557.0
2020-07-13,MRNA,71.78,77.7499,63.8,63.89,56617291.0
2020-07-14,AMZN,154.2,156.369,147.5,154.45,144638660.0
2020-07-14,GOOGL,1520.86,1522.8,1485.925,1492.79,1905400.0
2020-07-14,PFE,32.7152,32.8928,32.3899,32.8451,33566226.492217
2020-07-14,BNTX,83.88,85.0,78.0,82.57,4748726.0
2020-07-14,MRNA,75.04,76.9486,70.6201,74.0,38708760.0
2020-07-15,AMZN,150.444,154.918,148.659,154.012,115777480.0
2020-07-15,GOOGL,1516.88,1536.33,1497.83,1523.23,1551325.0
2020-07-15,PFE,33.1705,33.4314,32.9384,33.4214,26864412.662682
2020-07-15,BNTX,78.0,87.58,76.8,86.08,3908683.0
2020-07-15,MRNA,80.22,88.37,78.01,87.52,90756071.0
2020-07-16,AMZN,149.995,151.6,145.912,148.553,127884920.0
2020-07-16,GOOGL,1514.92,1515.91,1488.27,1501.5,1324227.0
2020-07-16,PFE,33.0584,33.0971,32.739,33.0584,18821119.636456
2020-07-16,BNTX,75.87,80.5,74.56,80.5,2847924.0
2020-07-16,MRNA,81.81,84.2899,79.6,80.1598,27277409.0
2020-07-17,AMZN,148.098,151.2,147.422,150.45,95226380.0
2020-07-17,GOOGL,1516.85,1523.43,1498.1,1516.91,1713231.0
2020-07-17,PFE,33.6645,33.7369,33.1755,33.3014,23872980.027719
2020-07-17,BNTX,85.25,86.4,76.42,76.54,5053511.0
2020-07-17,MRNA,94.85,95.21,82.61,83.35,103509162.0
2020-07-20,AMZN,159.842,160.068,149.701,150.01,151963520.0
2020-07-20,GOOGL,1563.84,1569.01,1502.6961,1515.0,1508277.0
2020-07-20,PFE,33.8956,34.9351,33.727,34.8151,37613608.68066
2020-07-20,BNTX,88.2,96.0899,85.77,91.7465,7790762.0
2020-07-20,MRNA,82.68,90.85,78.05,87.86,78391296.0
2020-07-21,AMZN,156.914,162.029,155.286,161.624,122699300.0
2020-07-21,GOOGL,1555.92,1587.05,1552.62,1585.03,1377718.0
2020-07-21,PFE,34.0721,34.4322,33.9144,34.3033,24159480.524142
2020-07-21,BNTX,91.6,97.82,90.05,92.0,6034451.0
2020-07-21,MRNA,80.86,82.43,79.07,80.91,26185580.0
2020-07-22,AMZN,154.996,157.5,153.263,156.25,82084500.0
2020-07-22,GOOGL,1564.85,1566.98,1543.23,1555.71,1224100.0
2020-07-22,PFE,35.809,35.9657,34.8429,35.5015,92671504.831667
2020-07-22,BNTX,104.17,104.99,93.65,99.19,13817768.0
2020-07-22,MRNA,83.225,84.12,79.11,79.61,27274018.0
2020-07-23,AMZN,149.328,154.914,148.5,154.914,113138120.0
2020-07-23,GOOGL,1516.75,1570.35,1508.59,1565.93,1695498.0
2020-07-23,PFE,35.6701,36.6065,35.4549,36.4309,60932220.435208
2020-07-23,BNTX,88.51,101.15,87.0,97.5135,15899745.0
2020-07-23,MRNA,75.33,82.68,72.2,82.05,29288088.0
2020-07-24,AMZN,150.445,151.579,144.4,146.5,112648260.0
2020-07-24,GOOGL,1508.21,1515.4273,1487.59,1499.19,1495381.0
2020-07-24,PFE,34.9718,35.4271,34.6613,35.316,34604604.91318
2020-07-24,BNTX,84.17,86.7,80.34,86.3,7109730.0
2020-07-24,MRNA,73.21,73.9,66.54,69.05,27797477.0
2020-07-27,AMZN,152.76,154.9,150.788,153.1,83409840.0
2020-07-27,GOOGL,1529.43,1537.56,1512.33,1513.26,1356185.0
2020-07-27,PFE,34.8617,35.0561,34.5741,34.6941,28239416.035724
2020-07-27,BNTX,86.53,88.2,81.7744,87.44,5129152.0
2020-07-27,MRNA,79.91,80.98,76.16,80.63,44710713.0
2020-07-28,AMZN,150.016,153.855,149.788,152.714,62533020.0
2020-07-28,GOOGL,1503.65,1526.01,1500.52,1525.0,1545534.0
2020-07-28,PFE,36.2355,36.5271,35.3448,35.7891,57616199.210042
2020-07-28,BNTX,85.38,90.4,84.1,89.0,5108614.0
2020-07-28,MRNA,81.49,83.85,79.5,81.0,32946885.0
2020-07-29,AMZN,151.676,151.958,149.838,151.55,59481200.0
2020-07-29,GOOGL,1523.51,1533.33,1503.01,1505.0,1133773.0
2020-07-29,PFE,36.4597,36.6342,35.7058,36.4954,37836345.393191
2020-07-29,BNTX,82.5,86.79,80.02,85.54,3846336.0
2020-07-29,MRNA,79.51,82.82,76.5502,81.98,24453924.0
2020-07-30,AMZN,152.594,154.6,150.25,150.7,122565300.0
2020-07-30,GOOGL,1538.37,1540.89,1495.17,1497.97,1802121.0
2020-07-30,PFE,36.3277,36.5142,35.8219,35.8953,32654199.122218
2020-07-30,BNTX,84.16,84.88,78.0,79.05,3302751.0
2020-07-30,MRNA,77.63,79.25,76.8,78.0,13101985.0
2020-07-31,AMZN,158.234,162.341,157.55,162.2,161667380.0
2020-07-31,GOOGL,1487.95,1505.02,1454.0,1497.05,4576382.0
2020-07-31,PFE,36.0818,36.3367,35.5015,36.2613,28838916.381269
2020-07-31,BNTX,82.11,86.95,80.85,86.0,2642973.0
2020-07-31,MRNA,74.1,78.44,73.6038,78.2,14223411.0
2020-08-03,AMZN,155.594,159.2,155.2,159.026,101493260.0
2020-08-03,GOOGL,1482.76,1497.73,1471.72,1491.0,2276085.0
2020-08-03,PFE,35.9607,36.2524,35.8338,36.2048,31402213.839896
2020-08-03,BNTX,85.47,85.48,81.84,82.99,2434416.0
2020-08-03,MRNA,77.98,77.99,73.03,74.98,13382327.0
2020-08-04,AMZN,156.942,158.362,155.06,155.06,93885880.0
2020-08-04,GOOGL,1473.3,1493.11,1464.03,1486.71,1860609.0
2020-08-04,PFE,35.9984,36.2702,35.7177,35.925,29795620.137607
2020-08-04,BNTX,83.17,84.5,81.08,84.44,2410338.0
2020-08-04,MRNA,78.46,78.62,75.5,78.192,10126500.0
2020-08-05,AMZN,160.252,160.679,156.365,157.188,78600500.0
2020-08-05,GOOGL,1479.09,1490.0,1471.215,1476.82,1457518.0
2020-08-05,PFE,36.056,36.1314,35.7554,36.0728,24894797.487419
2020-08-05,BNTX,81.3,83.2,76.845,82.82,4085523.0
2020-08-05,MRNA,75.8,77.49,73.69,77.49,19859902.0
2020-08-06,AMZN,161.25,162.373,158.272,159.718,78812040.0
2020-08-06,GOOGL,1504.95,1506.27,1471.9,1476.15,1665261.0
2020-08-06,PFE,35.8854,36.665,35.7753,36.3555,21168636.651666
2020-08-06,BNTX,77.08,80.26,76.58,79.29,3175182.0
2020-08-06,MRNA,73.76,76.25,73.12,75.79,11691503.0
2020-08-07,AMZN,158.373,162.04,157.034,161.2,78722540.0
2020-08-07,GOOGL,1498.37,1520.09,1486.27,1509.04,1386294.0
2020-08-07,PFE,36.056,36.2097,35.7842,35.9151,23369461.073608
2020-08-07,BNTX,77.0,78.54,74.03,77.09,3038220.0
2020-08-07,MRNA,74.1,75.39,73.01,74.38,8771437.0
2020-08-10,AMZN,157.408,158.626,155.076,158.516,63345480.0
2020-08-10,GOOGL,1496.82,1507.15,1477.4901,1490.8,1027329.0
2020-08-10,PFE,35.9984,36.2524,35.8764,36.1492,20199878.386663
2020-08-10,BNTX,73.95,77.2775,70.9,77.0,2830610.0
2020-08-10,MRNA,72.01,75.0,71.41,74.27,8678274.0
2020-08-11,AMZN,154.034,157.961,153.65,155.66,74361140.0
2020-08-11,GOOGL,1480.54,1510.44,1478.19,1494.0,1554853.0
2020-08-11,PFE,35.435,36.176,35.3279,36.1581,21578236.899358
2020-08-11,BNTX,68.45,72.88,66.51,69.0,4032231.0
2020-08-11,MRNA,68.97,71.4,67.0,69.52,18118727.0
2020-08-12,AMZN,158.112,158.719,155.071,155.4,70544580.0
2020-08-12,GOOGL,1507.24,1511.67,1485.0,1487.1245,1126560.0
2020-08-12,PFE,35.9429,36.1492,35.4549,35.4747,20201133.539569
2020-08-12,BNTX,69.11,71.16,66.12,70.89,3253597.0
2020-08-12,MRNA,69.52,75.75,68.3,75.67,50471491.0
2020-08-13,AMZN,158.051,160.876,157.75,159.15,62980860.0
2020-08-13,GOOGL,1516.65,1536.9744,1508.21,1508.21,1119711.0
2020-08-13,PFE,35.7921,35.802,35.5203,35.6979,15520758.082034
2020-08-13,BNTX,71.0,71.53,67.3038,68.25,2390942.0
2020-08-13,MRNA,67.83,69.18,67.05,69.09,15055934.0
2020-08-14,AMZN,157.401,158.912,156.0,158.909,55034460.0
2020-08-14,GOOGL,1504.63,1519.785,1499.0,1513.61,1097059.0
2020-08-14,PFE,35.69,35.9984,35.5679,35.6423,13053298.856838
2020-08-14,BNTX,68.64,70.98,68.02,70.93,1862379.0
2020-08-14,MRNA,69.15,70.36,67.86,68.06,12799582.0
2020-08-17,AMZN,159.12,159.748,157.709,158.656,53824740.0
2020-08-17,GOOGL,1516.24,1523.78,1505.0,1515.97,999934.0
2020-08-17,PFE,35.9607,36.0183,35.5818,35.6721,17700411.250154
2020-08-17,BNTX,70.26,71.3558,68.81,69.09,1947963.0
2020-08-17,MRNA,69.76,70.78,68.38,69.14,8749112.0
2020-08-18,AMZN,165.624,166.0,160.291,160.6,106919480.0
2020-08-18,GOOGL,1555.78,1557.37,1521.665,1526.12,1418850.0
2020-08-18,PFE,35.9707,36.0639,35.7921,36.056,10974247.45426
2020-08-18,BNTX,67.88,70.35,67.06,69.69,1905103.0
2020-08-18,MRNA,67.03,69.7,65.23,68.28,11329150.0
2020-08-19,AMZN,163.024,165.795,162.8,165.151,83702740.0
2020-08-19,GOOGL,1544.61,1568.86,1540.0,1552.49,1523592.0
2020-08-19,PFE,35.8764,36.2018,35.7455,36.0818,15874945.093234
2020-08-19,BNTX,65.6,67.48,65.01,67.42,2326648.0
2020-08-19,MRNA,68.0,69.17,66.6,66.74,8558809.0
2020-08-20,AMZN,164.868,165.631,161.9,162.6,66649560.0
2020-08-20,GOOGL,1576.25,1580.17,1534.46,1539.97,1319131.0
2020-08-20,PFE,36.3089,36.3734,35.7554,35.802,22216278.000253
2020-08-20,BNTX,66.27,70.29,64.08,66.0765,2932615.0
2020-08-20,MRNA,67.81,68.0,66.63,67.79,6346700.0
2020-08-21,AMZN,164.236,165.72,163.77,164.75,71517240.0
2020-08-21,GOOGL,1575.57,1591.88,1562.31,1571.8,1742275.0
2020-08-21,PFE,36.4597,36.5718,36.1681,36.4865,25767290.061293
2020-08-21,BNTX,73.02,76.28,70.34,71.77,6290399.0
2020-08-21,MRNA,66.45,68.02,65.6,67.5,6935608.0
2020-08-24,AMZN,165.373,169.016,162.878,165.508,93325160.0
2020-08-24,GOOGL,1585.15,1608.78,1575.04,1592.47,1281893.0
2020-08-24,PFE,36.421,36.6085,36.1403,36.5896,25306707.418088
2020-08-24,BNTX,70.85,77.4,69.75,76.99,3393879.0
2020-08-24,MRNA,64.88,67.85,62.88,67.15,13143244.0
2020-08-25,AMZN,167.324,167.87,163.35,164.749,79856840.0
2020-08-25,GOOGL,1605.85,1608.88,1577.88,1580.1,1257463.0
2020-08-25,PFE,36.0183,36.1581,35.5868,36.1115,26530236.518963
2020-08-25,BNTX,70.49,70.5,68.21,70.07,1576204.0
2020-08-25,MRNA,66.25,66.696,63.55,64.32,7798501.0
2020-08-26,AMZN,172.092,172.587,167.228,167.556,130174860.0
2020-08-26,GOOGL,1644.13,1652.79,1600.9754,1606.3,2609363.0
2020-08-26,PFE,35.681,35.8854,35.314,35.812,24367512.28866
2020-08-26,BNTX,67.9,70.0,67.05,70.0,1711437.0
2020-08-26,MRNA,70.5,71.64,66.03,67.62,28768082.0
2020-08-27,AMZN,170.0,172.65,168.9,172.502,85295900.0
2020-08-27,GOOGL,1628.52,1647.99,1618.8137,1646.61,1567503.0
2020-08-27,PFE,35.5015,35.6324,35.3329,35.5967,22417710.382509
2020-08-27,BNTX,65.59,68.69,64.7901,68.2,1980527.0
2020-08-27,MRNA,68.03,70.32,67.01,69.98,9262562.0
2020-08-28,AMZN,170.09,171.668,169.325,171.15,57939560.0
2020-08-28,GOOGL,1639.43,1641.35,1625.605,1629.47,1121195.0
2020-08-28,PFE,35.5491,35.69,35.071,35.5114,33217439.158895
2020-08-28,BNTX,64.0,65.5,63.32,65.04,1764738.0
2020-08-28,MRNA,67.49,68.95,67.15,68.04,6383705.0
2020-08-31,AMZN,172.548,174.75,170.25,170.45,83717700.0
2020-08-31,GOOGL,1629.53,1644.5,1625.33,1643.57,1321097.0
2020-08-31,PFE,35.435,35.6523,35.1642,35.4836,30386403.975507
2020-08-31,BNTX,61.25,63.18,60.34,62.82,2217166.0
2020-08-31,MRNA,64.89,67.2,62.54,67.14,15271802.0
2020-09-01,AMZN,174.956,175.694,173.35,174.479,69528140.0
2020-09-01,GOOGL,1655.08,1659.22,1629.53,1632.16,1133766.0
2020-09-01,PFE,34.584,35.4648,34.2358,35.435,36587602.337169
2020-09-01,BNTX,57.81,60.53,56.66,58.71,3575538.0
2020-09-01,MRNA,63.32,64.5,62.5,63.54,8200671.0
2020-09-02,AMZN,176.572,177.612,174.334,177.35,78629520.0
2020-09-02,GOOGL,1717.39,1726.1022,1660.19,1668.01,2476072.0
2020-09-02,PFE,34.8835,34.9768,34.1317,34.4808,29411314.497457
2020-09-02,BNTX,61.99,63.29,54.96,56.01,3892797.0
2020-09-02,MRNA,64.72,64.89,61.3805,62.84,9874614.0
2020-09-03,AMZN,168.4,174.42,165.15,174.25,163222260.0
2020-09-03,GOOGL,1629.51,1700.0,1607.71,1699.52,3186287.0
2020-09-03,PFE,34.1317,35.1563,33.8519,35.0432,36380535.376931
2020-09-03,BNTX,59.28,63.67,57.1,63.45,2585983.0
2020-09-03,MRNA,64.84,69.35,64.3,65.65,14307317.0
2020-09-04,AMZN,164.731,169.075,155.556,165.9,175635080.0
2020-09-04,GOOGL,1581.21,1634.99,1537.9701,1609.0,2792533.0
2020-09-04,PFE,34.0969,34.3489,33.6357,34.217,27188937.739124
2020-09-04,BNTX,58.57,59.96,54.1,59.28,1985494.0
2020-09-04,MRNA,62.6,65.0,59.01,64.99,11653287.0
2020-09-08,AMZN,157.492,162.542,156.5,157.2,121884100.0
2020-09-08,GOOGL,1523.6,1555.55,1516.5,1525.0,2701586.0
2020-09-08,PFE,33.6922,34.329,33.4582,34.2547,27051868.992951
2020-09-08,BNTX,59.83,61.0,58.69,60.16,2887809.0
2020-09-08,MRNA,54.34,58.6,54.21,57.75,17706208.0
2020-09-09,AMZN,163.43,165.159,159.25,160.15,103773500.0
2020-09-09,GOOGL,1547.23,1558.72,1525.17,1548.9,1962078.0
2020-09-09,PFE,33.9263,34.3687,33.8886,34.0295,27814534.175392
2020-09-09,BNTX,62.32,63.38,60.6,63.0,3406940.0
2020-09-09,MRNA,56.9,57.19,54.51,56.03,9355441.0
2020-09-10,AMZN,158.756,167.494,158.528,165.361,106614820.0
2020-09-10,GOOGL,1526.05,1573.66,1520.0,1550.18,1651194.0
2020-09-10,PFE,33.4294,34.0573,33.3659,33.9452,21905860.035942
2020-09-10,BNTX,61.2,62.28,60.5,62.0,1751775.0
2020-09-10,MRNA,57.56,60.32,56.87,57.0408,7985321.0
2020-09-11,AMZN,155.811,160.867,154.199,160.434,101879640.0
2020-09-11,GOOGL,1515.76,1538.695,1493.02,1528.15,1535337.0
2020-09-11,PFE,33.8232,33.8599,33.2409,33.5137,24393408.764704
2020-09-11,BNTX,65.13,65.28,61.05,61.4521,2515244.0
2020-09-11,MRNA,59.34,59.51,57.45,58.49,4821869.0
2020-09-14,AMZN,155.148,159.37,154.8,158.647,90591920.0
2020-09-14,GOOGL,1508.83,1557.0,1505.11,1531.6471,2133007.0
2020-09-14,PFE,34.705,35.199,34.0206,34.0969,29914023.903148
2020-09-14,BNTX,67.48,69.65,66.77,67.5,3373555.0
2020-09-14,MRNA,63.67,63.85,60.115,60.15,8930779.0
2020-09-15,AMZN,157.806,158.751,155.446,156.808,80430700.0
2020-09-15,GOOGL,1535.12,1550.99,1522.1,1527.89,1152055.0
2020-09-15,PFE,34.6574,35.0244,34.5165,34.8736,22263081.593524
2020-09-15,BNTX,66.92,70.0,66.15,70.0,3168285.0
2020-09-15,MRNA,66.88,68.41,64.2293,65.0274,9101184.0
2020-09-16,AMZN,153.905,159.362,153.708,158.999,90623780.0
2020-09-16,GOOGL,1512.09,1554.37,1511.59,1542.48,1107169.0
2020-09-16,PFE,34.4897,34.9867,34.4322,34.9589,22507848.507889
2020-09-16,BNTX,66.04,67.29,65.4078,65.51,2237787.0
2020-09-16,MRNA,68.84,70.04,66.73,67.64,11398006.0
2020-09-17,AMZN,150.436,151.472,148.628,150.462,128981000.0
2020-09-17,GOOGL,1487.04,1498.66,1462.46,1485.81,2000356.0
2020-09-17,PFE,34.5264,34.6673,34.2735,34.4897,18105288.291934
2020-09-17,BNTX,66.78,68.71,65.15,66.82,2860010.0
2020-09-17,MRNA,67.89,70.9,64.6,68.5,13275199.0
2020-09-18,AMZN,147.746,151.89,145.277,151.587,177851600.0
2020-09-18,GOOGL,1451.09,1495.2,1431.62,1488.3,3152788.0
2020-09-18,PFE,34.3489,34.7615,34.2923,34.4897,32068184.865357
2020-09-18,BNTX,67.0,68.44,65.17,68.01,2608880.0
2020-09-18,MRNA,69.87,70.0,66.1,68.28,13206193.0
2020-09-21,AMZN,148.023,148.1,143.55,145.325,122358500.0
2020-09-21,GOOGL,1430.14,1440.06,1402.68,1431.62,2845405.0
2020-09-21,PFE,33.7766,34.208,33.1715,34.1059,26922518.681029
2020-09-21,BNTX,66.12,66.2,62.3,65.56,2118737.0
2020-09-21,MRNA,69.26,69.48,65.46,68.6,8223034.0
2020-09-22,AMZN,156.45,156.7,150.01,151.692,138976320.0
2020-09-22,GOOGL,1459.82,1463.97,1429.495,1450.32,1697542.0
2020-09-22,PFE,33.9928,34.0672,33.5137,33.5802,22995104.9146
2020-09-22,BNTX,67.05,67.7573,63.61,65.38,1572284.0
2020-09-22,MRNA,68.72,69.19,66.67,67.5,6303612.0
2020-09-23,AMZN,149.993,156.35,149.619,156.022,113053300.0
2020-09-23,GOOGL,1409.39,1453.08,1402.68,1452.09,1886299.0
2020-09-23,PFE,33.7587,34.1118,33.724,34.0771,23374774.050162
2020-09-23,BNTX,63.83,67.28,63.6861,67.25,1677999.0
2020-09-23,MRNA,67.16,68.62,65.77,67.865,6919352.0
2020-09-24,AMZN,150.99,153.465,148.25,148.89,110587840.0
2020-09-24,GOOGL,1422.86,1437.99,1402.15,1402.68,1727611.0
2020-09-24,PFE,33.5325,33.7954,33.3262,33.7111,21105721.734237
2020-09-24,BNTX,62.83,63.93,58.81,62.62,2863427.0
2020-09-24,MRNA,65.17,66.77,63.64,65.5,5565191.0
2020-09-25,AMZN,154.757,155.077,149.95,152.743,92304040.0
2020-09-25,GOOGL,1439.06,1445.94,1407.68,1425.05,1516677.0
2020-09-25,PFE,33.8053,33.8986,33.3084,33.3262,14534930.745676
2020-09-25,BNTX,66.69,66.8711,61.27,61.27,1670486.0
2020-09-25,MRNA,69.47,69.73,65.67,65.8865,9190629.0
2020-09-28,AMZN,158.703,158.752,155.858,157.442,84483300.0
2020-09-28,GOOGL,1458.66,1472.99,1446.28,1471.99,1539236.0
2020-09-28,PFE,34.1227,34.2973,33.9085,33.9085,15221587.094276
2020-09-28,BNTX,66.5,67.8,65.72,66.99,1750004.0
2020-09-28,MRNA,70.55,71.5,69.1,69.59,7337397.0
2020-09-29,AMZN,157.244,159.413,156.627,158.77,70067960.0
2020-09-29,GOOGL,1466.02,1472.0,1454.0,1463.91,1591112.0
2020-09-29,PFE,33.9174,34.2636,33.7904,34.1604,13690305.590761
2020-09-29,BNTX,66.86,67.1087,65.76,66.6,854092.0
2020-09-29,MRNA,70.52,71.34,69.5851,70.46,6294318.0
2020-09-30,AMZN,157.436,160.644,156.7,157.057,97922020.0
2020-09-30,GOOGL,1465.6,1486.1975,1455.755,1460.935,2046170.0
2020-09-30,PFE,34.4134,34.6564,33.9928,34.0106,22895980.096051
2020-09-30,BNTX,69.23,69.47,67.0984,67.4,1746815.0
2020-09-30,MRNA,70.75,75.39,70.16,72.51,15690706.0
2020-10-01,AMZN,161.063,161.2,158.6,160.4,99438440.0
2020-10-01,GOOGL,1487.9,1495.07,1476.8,1483.6608,1644221.0
2020-10-01,PFE,34.1059,34.7794,33.9105,34.6108,22785766.581273
2020-10-01,BNTX,72.71,72.87,69.31,70.0,2371702.0
2020-10-01,MRNA,70.03,70.2,68.16,69.57,6838969.0
2020-10-02,AMZN,156.25,159.79,156.15,157.682,112261960.0
2020-10-02,GOOGL,1455.6,1479.03,1447.35,1459.63,1561132.0
2020-10-02,PFE,34.1138,34.3767,33.7855,33.8133,21714656.393747
2020-10-02,BNTX,73.7,75.0,71.16,71.85,2327847.0
2020-10-02,MRNA,68.81,72.77,67.25,67.9,8004919.0
2020-10-05,AMZN,159.96,160.127,157.042,157.292,75506640.0
2020-10-05,GOOGL,1482.83,1484.7,1460.09,1462.65,1080058.0
2020-10-05,PFE,34.462,34.584,34.0771,34.2547,19628670.901464
2020-10-05,BNTX,80.7,81.56,75.65,75.7,3750552.0
2020-10-05,MRNA,71.95,72.02,69.05,69.64,6518121.0
2020-10-06,AMZN,154.998,159.1,154.5,158.25,101737140.0
2020-10-06,GOOGL,1451.02,1484.52,1445.01,1475.5,1304752.0
2020-10-06,PFE,33.9174,34.7238,33.843,34.6961,25530811.188722
2020-10-06,BNTX,85.59,88.3,83.52,86.84,5702111.0
2020-10-06,MRNA,71.04,73.92,70.31,72.0,7285512.0
2020-10-07,AMZN,159.784,160.0,156.619,156.75,86188780.0
2020-10-07,GOOGL,1459.14,1468.97,1433.23,1459.31,1805448.0
2020-10-07,PFE,34.2001,34.3112,33.7855,34.0017,22421204.647545
2020-10-07,BNTX,86.23,86.44,80.7,83.32,2354681.0
2020-10-07,MRNA,72.37,73.24,70.959,71.23,4190611.0
2020-10-08,AMZN,159.528,161.665,158.749,161.249,63482280.0
2020-10-08,GOOGL,1483.43,1488.0275,1465.45,1465.45,1303802.0
2020-10-08,PFE,34.5929,34.8647,34.2358,34.3191,18067887.759826
2020-10-08,BNTX,87.95,89.43,85.6,85.83,1826000.0
2020-10-08,MRNA,72.93,73.76,72.01,73.5,4023816.0
2020-10-09,AMZN,164.332,164.45,159.892,160.5,98157420.0
2020-10-09,GOOGL,1510.45,1511.85,1487.0,1492.86,1648340.0
2020-10-09,PFE,34.4987,34.8062,34.3112,34.5354,23946370.68317
2020-10-09,BNTX,89.04,90.0,87.5,88.98,1462528.0
2020-10-09,MRNA,73.0,73.67,72.39,73.42,4774015.0
2020-10-12,AMZN,172.146,174.812,166.978,167.497,167283960.0
2020-10-12,GOOGL,1564.59,1588.42,1529.3,1538.0,2767164.0
2020-10-12,PFE,34.5264,34.8647,34.1951,34.4134,19642673.16548
2020-10-12,BNTX,88.74,91.9,87.6,91.0,2573113.0
2020-10-12,MRNA,75.31,75.8514,72.92,73.61,7590764.0
2020-10-13,AMZN,172.182,174.619,171.211,173.4,114893940.0
2020-10-13,GOOGL,1567.07,1585.16,1558.63,1577.01,1953609.0
2020-10-13,PFE,34.6008,34.8131,34.3489,34.3856,21797088.182735
2020-10-13,BNTX,93.0,94.0162,89.56,90.08,2527487.0
2020-10-13,MRNA,78.29,81.37,75.52,75.93,13669187.0
2020-10-14,AMZN,168.186,173.244,167.0,172.35,116578320.0
2020-10-14,GOOGL,1563.44,1583.85,1545.895,1573.31,1659228.0
2020-10-14,PFE,34.5641,34.9768,34.2923,34.705,22385394.983938
2020-10-14,BNTX,86.86,95.44,85.05,95.419,4198008.0
2020-10-14,MRNA,76.56,80.01,76.3252,80.01,6643833.0
2020-10-15,AMZN,166.932,167.794,164.0,164.6,104468960.0
2020-10-15,GOOGL,1555.47,1571.395,1541.1301,1544.5,1561485.0
2020-10-15,PFE,34.2735,34.452,34.1416,34.3489,16286934.668144
2020-10-15,BNTX,90.38,90.419,85.5,85.65,2033226.0
2020-10-15,MRNA,75.58,76.49,73.7101,75.48,5014595.0
2020-10-16,AMZN,163.636,169.983,158.0,168.162,129487060.0
2020-10-16,GOOGL,1567.7,1577.71,1557.66,1561.83,1710325.0
2020-10-16,PFE,35.5868,35.7455,34.7139,34.7615,43500168.941416
2020-10-16,BNTX,94.09,94.15,91.55,93.6,2792475.0
2020-10-16,MRNA,73.94,76.93,73.665,76.06,4693584.0
2020-10-19,AMZN,160.36,166.45,159.637,164.98,104472520.0
2020-10-19,GOOGL,1529.95,1583.925,1522.92,1575.93,1486652.0
2020-10-19,PFE,35.4449,36.4279,35.2942,36.0282,32307640.819477
2020-10-19,BNTX,93.92,97.29,92.24,96.23,2800200.0
2020-10-19,MRNA,70.96,74.09,70.5,73.97,6931283.0
2020-10-20,AMZN,160.85,163.3,159.6,161.114,90193560.0
2020-10-20,GOOGL,1551.08,1573.84,1520.5,1523.11,2085915.0
2020-10-20,PFE,35.1563,35.5293,35.0244,35.5114,22648675.655692
2020-10-20,BNTX,94.35,96.1167,91.6107,93.92,1872146.0
2020-10-20,MRNA,71.25,73.1,70.65,72.07,5441299.0
2020-10-21,AMZN,159.247,161.694,158.0,160.625,91854720.0
2020-10-21,GOOGL,1585.99,1615.14,1567.135,1569.85,3016053.0
2020-10-21,PFE,34.7704,35.1176,34.7516,35.0283,19208653.388736
2020-10-21,BNTX,87.72,92.94,85.67,92.75,3384553.0
2020-10-21,MRNA,68.37,71.5784,68.06,71.57,4614813.0
2020-10-22,AMZN,158.82,159.938,156.097,159.493,84240100.0
2020-10-22,GOOGL,1606.66,1613.42,1577.48,1585.0,1525773.0
2020-10-22,PFE,35.0978,35.2307,34.7238,34.7704,19470426.86885
2020-10-22,BNTX,86.36,90.12,85.4171,88.99,2205906.0
2020-10-22,MRNA,70.84,72.53,68.4,68.5035,5212065.0
2020-10-23,AMZN,160.22,160.266,157.0,159.55,69333740.0
2020-10-23,GOOGL,1632.98,1634.12,1611.91,1615.05,1527402.0
2020-10-23,PFE,35.802,35.9002,35.3011,35.5679,30918047.428088
2020-10-23,BNTX,88.69,89.99,87.06,89.6045,2079717.0
2020-10-23,MRNA,70.53,72.3997,68.8,72.3,3735087.0
2020-10-26,AMZN,160.352,164.149,157.665,159.937,118023020.0
2020-10-26,GOOGL,1584.29,1629.58,1567.78,1615.0,1791317.0
2020-10-26,PFE,35.558,35.6523,35.1464,35.5114,34181273.595152
2020-10-26,BNTX,82.93,89.84,80.35,88.22,2879921.0
2020-10-26,MRNA,70.24,71.32,68.7,70.36,3872799.0
2020-10-27,AMZN,164.316,164.583,160.565,161.247,85820940.0
2020-10-27,GOOGL,1598.88,1602.0,1576.99,1588.9319,1295138.0
2020-10-27,PFE,35.0978,35.7455,34.5741,34.7328,37285868.598103
2020-10-27,BNTX,83.95,84.055,80.5102,83.0,2222134.0
2020-10-27,MRNA,70.67,71.35,68.81,70.45,3812879.0
2020-10-28,AMZN,158.139,163.201,158.123,162.465,111766600.0
2020-10-28,GOOGL,1510.8,1553.81,1508.48,1550.01,2258675.0
2020-10-28,PFE,33.2409,34.8171,33.1209,34.5066,34256525.304629
2020-10-28,BNTX,77.54,80.74,75.345,79.89,2566120.0
2020-10-28,MRNA,65.74,69.47,65.4899,68.95,6043991.0
2020-10-29,AMZN,160.55,162.862,158.2,160.064,131930580.0
2020-10-29,GOOGL,1556.88,1588.735,1516.55,1517.02,2770343.0
2020-10-29,PFE,33.0822,33.4195,32.4444,33.2697,27869978.664686
2020-10-29,BNTX,84.81,85.7701,79.22,81.49,2512014.0
2020-10-29,MRNA,71.28,74.539,66.23,68.35,13776433.0
2020-10-30,AMZN,151.808,158.35,150.95,157.888,167921620.0
2020-10-30,GOOGL,1616.11,1681.315,1601.57,1667.44,4996197.0
2020-10-30,PFE,33.2697,33.3223,32.6706,33.0445,25951138.205018
2020-10-30,BNTX,85.36,88.5,83.05,87.01,2258283.0
2020-10-30,MRNA,67.47,71.49,66.85,70.8,7085797.0
2020-11-02,AMZN,150.224,153.985,147.506,153.087,145147000.0
2020-11-02,GOOGL,1624.32,1658.24,1614.24,1623.54,2211449.0
2020-11-02,PFE,33.9739,33.9928,33.3262,33.6922,21683202.967652
2020-11-02,BNTX,87.1,88.0,83.18,87.9044,2139891.0
2020-11-02,MRNA,67.11,68.6,66.55,68.02,4650268.0
2020-11-03,AMZN,152.42,153.745,149.049,150.926,97957600.0
2020-11-03,GOOGL,1645.66,1659.0,1612.108,1630.76,1571641.0
2020-11-03,PFE,33.9353,34.339,33.8331,34.1604,21891589.602711
2020-11-03,BNTX,87.22,88.2,84.85,84.91,1082581.0
2020-11-03,MRNA,69.08,69.25,66.59,66.75,4366928.0
2020-11-04,AMZN,162.058,162.242,156.986,157.999,136780820.0
2020-11-04,GOOGL,1745.85,1770.03,1703.0,1705.5803,3567149.0
2020-11-04,PFE,35.0045,35.7455,34.6574,34.7516,41352218.213661
2020-11-04,BNTX,90.69,91.1294,86.51,86.51,1701506.0
2020-11-04,MRNA,69.81,71.55,68.9188,68.97,5442067.0
2020-11-05,AMZN,166.1,168.34,164.444,165.998,115785700.0
2020-11-05,GOOGL,1762.5,1791.818,1741.03,1770.45,1987907.0
2020-11-05,PFE,34.4749,35.3368,34.4749,35.2882,33977413.575791
2020-11-05,BNTX,92.0,92.84,89.67,91.33,1459849.0
2020-11-05,MRNA,71.48,71.59,70.16,71.09,4449850.0
2020-11-06,AMZN,165.568,166.1,161.6,165.232,92946600.0
2020-11-06,GOOGL,1759.73,1768.495,1736.68,1751.34,1431084.0
2020-11-06,PFE,34.4848,34.7873,34.1912,34.4749,23906167.480317
2020-11-06,BNTX,92.0,92.2,90.33,92.0,861330.0
2020-11-06,MRNA,72.45,74.16,70.87,71.42,5841047.0
2020-11-09,AMZN,157.187,164.45,155.605,161.552,143808120.0
2020-11-09,GOOGL,1761.42,1816.89,1757.545,1795.98,2672024.0
2020-11-09,PFE,37.1362,39.7796,36.3605,39.6566,230495910.51805
2020-11-09,BNTX,104.8,115.0,98.51,114.02,14614871.0
2020-11-09,MRNA,77.74,80.25,75.42,77.75,20266813.0
2020-11-10,AMZN,151.751,155.7,150.974,154.751,131819120.0
2020-11-10,GOOGL,1737.72,1759.38,1716.12,1729.77,2151058.0
2020-11-10,PFE,36.6442,38.4078,36.4359,38.3205,80210718.798458
2020-11-10,BNTX,112.76,113.4,106.2,110.0,8029139.0
2020-11-10,MRNA,76.05,80.38,73.52,80.0,10499395.0
2020-11-11,AMZN,156.87,156.957,152.5,153.089,87338460.0
2020-11-11,GOOGL,1747.23,1762.9,1743.06,1748.4,1591906.0
2020-11-11,PFE,36.4726,38.0834,35.9052,36.8346,59068633.923549
2020-11-11,BNTX,109.45,112.5,108.6127,112.0,3274124.0
2020-11-11,MRNA,82.44,83.98,76.13,77.05,18576496.0
2020-11-12,AMZN,155.514,158.794,154.302,157.998,87424160.0
2020-11-12,GOOGL,1742.82,1764.98,1737.97,1742.0,1324363.0
2020-11-12,PFE,35.5739,36.3218,35.2803,36.2653,46890383.313368
2020-11-12,BNTX,101.63,107.1287,100.5,106.81,3604300.0
2020-11-12,MRNA,87.81,87.93,83.83,85.18,21750394.0
2020-11-13,AMZN,156.44,157.086,154.27,156.1,75251740.0
2020-11-13,GOOGL,1772.26,1777.13,1735.98,1748.0,1487877.0
2020-11-13,PFE,36.5866,36.6194,35.7197,35.8754,40380606.870167
2020-11-13,BNTX,106.0,108.2,103.37,104.12,3009657.0
2020-11-13,MRNA,89.39,90.53,85.22,86.62,14176721.0
2020-11-16,AMZN,156.553,157.135,153.634,154.66,76173520.0
2020-11-16,GOOGL,1774.03,1794.34,1761.33,1764.14,1273393.0
2020-11-16,PFE,35.3656,35.9518,34.9093,35.8675,75642356.412275
2020-11-16,BNTX,91.52,97.0,87.07,96.64,11171585.0
2020-11-16,MRNA,97.95,103.2,93.3,100.31,70853055.0
2020-11-17,AMZN,156.783,159.462,156.763,159.177,68894700.0
2020-11-17,GOOGL,1761.66,1777.14,1759.49,1767.86,1066034.0
2020-11-17,PFE,34.1426,34.579,33.9343,34.5681,49595248.913682
2020-11-17,BNTX,86.93,92.0,86.65,89.0,4057352.0
2020-11-17,MRNA,93.15,97.8,91.6,97.23,26171963.0
2020-11-18,AMZN,155.273,157.0,155.255,156.7,58336720.0
2020-11-18,GOOGL,1740.64,1765.0,1738.5658,1756.64,1005377.0
2020-11-18,PFE,34.4074,35.4499,34.3886,34.9867,66967948.309618
2020-11-18,BNTX,90.44,92.46,88.26,90.8,5772603.0
2020-11-18,MRNA,88.89,94.0,88.6103,93.87,21823450.0
2020-11-19,AMZN,155.851,156.25,154.046,155.266,60205400.0
2020-11-19,GOOGL,1758.57,1763.49,1730.02,1733.23,1005340.0
2020-11-19,PFE,34.2854,34.702,33.973,34.6732,45665724.070801
2020-11-19,BNTX,94.93,95.09,91.29,91.6,3400119.0
2020-11-19,MRNA,92.77,94.65,89.5114,90.0,16002015.0
2020-11-20,AMZN,154.97,156.644,154.902,155.851,67602760.0
2020-11-20,GOOGL,1736.38,1768.3625,1735.0,1762.0,1385322.0
2020-11-20,PFE,34.7675,35.3458,34.5215,34.7675,64003038.214919
2020-11-20,BNTX,104.07,105.33,99.05,100.0,6776843.0
2020-11-20,MRNA,97.61,98.43,94.82,95.0,15306303.0
2020-11-23,AMZN,154.92,156.987,153.273,155.835,94177740.0
2020-11-23,GOOGL,1727.56,1745.99,1710.18,1740.22,1127618.0
2020-11-23,PFE,34.5979,35.1384,34.3033,35.0799,46099866.842447
2020-11-23,BNTX,106.5,109.98,104.2,109.73,5194195.0
2020-11-23,MRNA,101.03,101.77,98.62,100.77,16359624.0
2020-11-24,AMZN,155.903,156.712,154.313,155.025,72042040.0
2020-11-24,GOOGL,1763.9,1766.475,1720.73,1727.5,1400306.0
2020-11-24,PFE,34.6732,34.8062,34.1227,34.2279,44846006.39193
2020-11-24,BNTX,101.87,103.43,97.5601,100.92,3864020.0
2020-11-24,MRNA,98.56,99.89,93.54,98.4,12515336.0
2020-11-25,AMZN,159.254,159.9,157.013,157.094,75808060.0
2020-11-25,GOOGL,1764.13,1770.38,1748.36,1767.81,979957.0
2020-11-25,PFE,34.6068,34.6365,34.332,34.6068,28453625.773739
2020-11-25,BNTX,104.96,106.06,99.1,100.0,3007405.0
2020-11-25,MRNA,109.18,109.29,98.65,99.03,25850691.0
2020-11-27,AMZN,159.767,160.81,159.502,160.563,47857340.0
2020-11-27,GOOGL,1787.02,1797.01,1764.54,1764.54,739507.0
2020-11-27,PFE,35.2714,35.2972,34.8161,34.8439,26681501.094901
2020-11-27,BNTX,109.99,111.2,106.1,106.44,3874562.0
2020-11-27,MRNA,127.03,130.06,114.86,115.12,43438495.0
2020-11-30,AMZN,158.402,161.42,156.278,160.424,81278320.0
2020-11-30,GOOGL,1754.4,1780.335,1747.84,1775.65,1620887.0
2020-11-30,PFE,36.293,36.7563,35.6195,35.9518,69061343.740738
2020-11-30,BNTX,124.24,124.91,113.5,113.64,9934807.0
2020-11-30,MRNA,152.74,153.8699,141.05,144.0,73203064.0
2020-12-01,AMZN,161.004,162.448,157.859,159.425,90887640.0
2020-12-01,GOOGL,1795.36,1821.7199,1763.03,1766.655,1868134.0
2020-12-01,PFE,37.3355,38.3681,36.9556,37.3266,76698299.916825
2020-12-01,BNTX,114.01,128.1299,108.0,124.5,9634549.0
2020-12-01,MRNA,141.01,178.5,130.33,177.66,125552341.0
2020-12-02,AMZN,160.176,161.6,158.663,161.082,62586080.0
2020-12-02,GOOGL,1824.97,1832.74,1785.1695,1795.36,1471235.0
2020-12-02,PFE,38.6518,39.2291,38.1787,38.3384,89034346.938826
2020-12-02,BNTX,121.09,123.59,116.43,120.85,7164716.0
2020-12-02,MRNA,143.0,149.7999,128.1,138.63,51217334.0
2020-12-03,AMZN,159.336,161.432,159.066,160.273,57840780.0
2020-12-03,GOOGL,1821.84,1843.83,1817.0,1820.54,1236366.0
2020-12-03,PFE,37.9803,38.869,37.4407,38.8224,72380231.15041
2020-12-03,BNTX,118.68,121.8,115.0,119.85,4264644.0
2020-12-03,MRNA,157.26,159.11,143.0101,143.5,38656507.0
